Player,PTS,AST,REB,STL,BLK
Russell Westbrook,10.59999999999999,3.7889999999999953,5.272999999999997,1.236000000000001,0.4789999999999999
James Harden,20.97900000000002,8.394000000000004,4.889,1.05,0.8920000000000001
LeBron James,28.304000000000016,8.658999999999992,7.901999999999996,2.0040000000000022,0.9730000000000001
Anthony Davis,25.562,2.9270000000000005,10.003000000000007,1.1330000000000002,1.8419999999999999
DeMarcus Cousins,15.179999999999998,1.9959999999999989,5.587999999999995,0.8479999999999999,0.5199999999999999
Stephen Curry,26.769000000000027,5.370000000000004,4.8340000000000005,1.0020000000000004,0.36199999999999943
LaMarcus Aldridge,18.73000000000002,2.293000000000003,7.61199999999999,0.676000000000001,1.4599999999999982
Blake Griffin,13.713,3.0150000000000046,6.628999999999998,0.8369999999999993,0.47999999999999976
Kyrie Irving,22.488000000000003,5.009999999999999,3.7469999999999946,1.1029999999999998,0.33400000000000035
Klay Thompson,18.388000000000012,2.3020000000000023,3.5520000000000023,0.6770000000000005,0.512
Dwyane Wade,16.026999999999997,4.222999999999996,4.142,0.8769999999999989,0.567
Rudy Gay,11.804999999999996,1.6430000000000016,5.314000000000004,0.6730000000000007,0.5860000000000007
Damian Lillard,24.4,6.671999999999997,4.3509999999999955,0.9969999999999999,0.24699999999999975
DeMar DeRozan,23.561999999999998,5.228000000000005,4.285000000000004,1.0759999999999987,0.5000000000000003
Jimmy Butler,20.441999999999993,5.099000000000002,5.557000000000001,1.4369999999999987,0.3710000000000003
Nikola Vucevic,18.370999999999995,3.111000000000003,10.510999999999997,0.735000000000001,0.8289999999999993
Gordon Hayward,3.3300000000000005,1.1400000000000017,2.627000000000002,0.3100000000000001,0.16199999999999992
Chris Paul,11.191000000000017,7.239999999999993,4.062999999999995,1.307000000000001,0.15299999999999975
Monta Ellis,7.736999999999998,2.040000000000002,2.242000000000001,0.8009999999999999,0.31600000000000034
Pau Gasol,7.150000000000003,2.6600000000000033,5.815000000000002,0.1290000000000001,0.48000000000000026
Victor Oladipo,11.750999999999998,2.2069999999999967,3.8369999999999975,1.3489999999999998,0.3300000000000005
Kyle Lowry,7.6060000000000025,4.122999999999999,3.490999999999999,1.011,0.6370000000000008
John Wall,23.445,10.376000000000007,4.186999999999993,1.8340000000000005,0.866
Marc Gasol,6.134999999999999,2.8950000000000005,4.355000000000001,0.7399999999999991,0.8309999999999986
Kemba Walker,19.870999999999984,5.096000000000009,3.9810000000000025,0.9540000000000012,0.4149999999999995
Dirk Nowitzki,14.667,1.6419999999999972,5.723999999999998,0.5890000000000006,0.6210000000000009
Brook Lopez,17.80300000000001,1.7040000000000008,5.020000000000003,0.30899999999999994,1.4680000000000009
Tobias Harris,10.889999999999997,1.6409999999999993,7.180000000000007,0.34699999999999986,0.499
Eric Bledsoe,12.782000000000018,3.9510000000000036,3.543999999999997,0.877999999999999,0.4099999999999994
Andrew Wiggins,14.526000000000021,1.8199999999999985,4.702000000000001,0.6730000000000002,0.6510000000000008
Paul Millsap,7.155999999999993,1.6929999999999998,4.177999999999994,0.44999999999999973,0.6690000000000008
Al Jefferson,14.025999999999977,1.2319999999999987,6.606000000000007,0.622000000000001,0.5979999999999991
Tyreke Evans,11.62400000000001,3.99,3.9560000000000004,1.0349999999999984,0.3460000000000001
Kawhi Leonard,23.912000000000003,3.7290000000000028,6.203000000000008,1.6649999999999974,0.8450000000000005
Isaiah Thomas,22.66,6.496000000000001,3.064000000000001,0.8840000000000005,0.16599999999999995
Kevin Love,8.305,1.6090000000000009,6.208000000000001,0.40899999999999975,0.3019999999999995
JJ Redick,14.671000000000003,1.4540000000000008,2.0499999999999976,0.5020000000000006,0.2179999999999999
Goran Dragic,8.56499999999999,2.792999999999999,1.9670000000000025,0.389,0.1279999999999998
Zach Randolph,14.604,2.075999999999997,7.440000000000009,0.6940000000000007,0.17799999999999977
Derrick Favors,4.515999999999994,0.45599999999999974,4.718999999999995,0.33199999999999974,0.8940000000000006
Wesley Matthews,7.079000000000003,1.2350000000000019,2.6849999999999983,0.781999999999999,0.2700000000000003
Jeff Teague,9.33100000000001,3.7409999999999983,2.018999999999998,0.6720000000000007,0.23499999999999965
Greg Monroe,13.275000000000011,2.164000000000001,7.635000000000004,1.091999999999999,0.5689999999999997
Mike Conley,13.695000000000014,5.682999999999998,2.8529999999999984,1.165999999999999,0.19599999999999998
Jamal Crawford,8.914999999999985,3.201000000000002,1.3619999999999992,0.5390000000000001,0.17199999999999974
Chandler Parsons,15.700000000000028,2.400000000000004,4.8999999999999915,1.0,0.3000000000000005
Lou Williams,13.052999999999988,2.2810000000000024,2.2569999999999992,0.9109999999999999,0.10999999999999986
Enes Freedom,4.693999999999999,0.2040000000000001,4.150000000000003,0.12200000000000007,0.47599999999999965
Markieff Morris,7.050000000000003,1.185000000000001,4.031999999999997,0.39799999999999963,0.28600000000000053
Bradley Beal,18.525999999999993,4.416,3.1750000000000047,0.9119999999999987,0.3300000000000003
Ty Lawson,6.403999999999997,3.4380000000000024,2.420999999999998,0.7169999999999999,0.037000000000000026
Al Horford,8.970000000000013,2.308999999999997,6.863999999999988,0.6550000000000008,0.9820000000000009
Jeff Green,6.7360000000000015,0.9840000000000013,2.5010000000000012,0.27599999999999975,0.3969999999999994
Michael Carter-Williams,6.476000000000007,2.424000000000002,3.4740000000000015,0.6240000000000007,0.13599999999999995
Reggie Jackson,6.269999999999995,1.5380000000000011,1.9270000000000023,0.29599999999999965,0.10999999999999982
Joe Johnson,12.807000000000007,2.804,4.086999999999997,0.582,0.10199999999999985
Tony Parker,10.936999999999998,4.180000000000003,2.487000000000004,0.4269999999999999,0.008000000000000002
Serge Ibaka,14.736999999999975,1.1940000000000015,7.669000000000007,0.2659999999999996,1.3149999999999988
Thaddeus Young,5.165000000000007,1.7849999999999993,3.6689999999999987,0.9689999999999991,0.24699999999999966
Luol Deng,13.079999999999977,1.6659999999999981,5.921999999999992,0.9220000000000009,0.5560000000000005
Wilson Chandler,10.857999999999997,2.011999999999997,5.553999999999993,0.622000000000001,0.4779999999999998
Avery Bradley,8.241999999999987,1.1189999999999989,2.5489999999999977,0.8810000000000007,0.1259999999999999
Tim Duncan,7.282999999999992,1.872000000000002,5.840000000000001,0.42900000000000027,1.3049999999999984
Andre Drummond,9.00999999999999,0.463,9.378999999999998,0.9110000000000004,0.7160000000000002
Ryan Anderson,9.929999999999986,0.8930000000000008,5.0329999999999995,0.39599999999999935,0.2850000000000002
Robert Covington,8.892000000000001,1.4369999999999996,5.824000000000001,1.477,1.219999999999999
CJ Miles,9.867000000000013,0.7839999999999986,2.4460000000000024,0.6590000000000009,0.30200000000000043
Eric Gordon,11.480000000000004,2.195999999999999,2.0800000000000027,0.826,0.4179999999999994
Khris Middleton,24.026000000000003,4.764999999999995,7.909000000000004,0.625,0.20799999999999977
Jared Sullinger,6.867999999999999,1.5080000000000007,5.508000000000002,0.3879999999999997,0.17599999999999993
Arron Afflalo,9.367999999999984,1.4539999999999997,2.373999999999999,0.32200000000000023,0.09999999999999981
Deron Williams,6.940999999999997,3.4490000000000034,1.7420000000000015,0.5910000000000006,0.1119999999999998
Trey Burke,11.000999999999998,2.4659999999999997,1.957999999999999,0.6630000000000001,0.12899999999999984
Trevor Ariza,6.996999999999998,1.0179999999999998,5.320000000000005,1.0229999999999984,0.2510000000000003
Kentavious Caldwell-Pope,10.282,1.8800000000000017,2.7169999999999987,1.08,0.3779999999999998
Giannis Antetokounmpo,29.97900000000004,6.221999999999998,11.743999999999998,1.1440000000000006,1.1889999999999992
Rodney Stuckey,9.861999999999991,2.582000000000002,2.907999999999996,0.7260000000000005,0.09999999999999981
DeMarre Carroll,8.532999999999998,0.937,4.002000000000002,0.8719999999999999,0.37299999999999967
Kenneth Faried,12.536999999999995,1.200000000000002,8.774000000000003,0.6109999999999995,0.8629999999999999
Danilo Gallinari,11.514000000000005,0.9599999999999989,4.194999999999994,0.3610000000000002,0.088
Josh Smith,6.183999999999997,1.5979999999999999,2.0340000000000007,0.4819999999999995,0.585999999999999
Marcin Gortat,8.769000000000004,1.2499999999999996,6.9319999999999995,0.165,0.45799999999999985
Kyle Korver,5.859,0.21100000000000008,1.0549999999999988,0.29300000000000026,0.12499999999999989
Ben McLemore,10.061000000000018,0.8920000000000003,1.8439999999999979,0.5990000000000006,0.19699999999999968
Gerald Henderson,9.443000000000017,1.5939999999999979,2.758999999999999,0.5790000000000007,0.2329999999999998
JR Smith,8.921000000000003,1.218999999999999,2.798999999999998,0.9650000000000003,0.20899999999999985
Donatas Motiejunas,4.668000000000007,0.7079999999999995,2.390000000000004,0.17600000000000005,0.11
Jonas Valanciunas,14.509000000000004,1.5010000000000003,10.919999999999998,0.4709999999999999,0.3920000000000001
Evan Fournier,14.708999999999994,2.271999999999997,2.7049999999999983,1.0330000000000004,0.22000000000000022
Jordan Hill,9.631999999999987,1.2780000000000016,6.642000000000001,0.5,0.5520000000000003
Jarrett Jack,8.67,5.366000000000006,3.1000000000000005,0.6780000000000004,0.1259999999999998
Gerald Green,4.980000000000005,0.2260000000000002,1.8210000000000028,0.3010000000000002,0.187
Jordan Clarkson,17.993999999999993,3.4399999999999977,3.669999999999999,0.6239999999999998,0.1769999999999997
Paul Pierce,4.449,0.6890000000000005,2.132999999999997,0.46299999999999963,0.17400000000000015
Dion Waiters,8.763999999999985,2.2220000000000026,2.5999999999999965,0.7040000000000003,0.19999999999999962
Danny Green,5.071999999999992,0.5320000000000005,2.4519999999999973,0.5500000000000005,0.7129999999999993
Draymond Green,9.08699999999999,6.947999999999992,7.085999999999996,1.4690000000000003,1.0079999999999993
David West,4.109000000000005,1.8930000000000013,2.5179999999999962,0.38900000000000007,0.6620000000000005
Aaron Brooks,5.286000000000001,1.7580000000000027,1.2419999999999989,0.3959999999999995,0.1059999999999998
DeAndre Jordan,9.032,1.509999999999999,9.753999999999996,0.40299999999999997,1.2219999999999993
Ersan Ilyasova,6.968000000000009,0.7919999999999987,4.774000000000006,0.44499999999999945,0.30400000000000044
Amar'e Stoudemire,11.5,0.7999999999999985,5.60000000000001,0.5,0.600000000000001
Tim Hardaway Jr.,14.498000000000008,1.7840000000000016,3.1999999999999966,0.5320000000000003,0.11399999999999982
Corey Brewer,5.894,0.8569999999999992,2.1599999999999966,1.1320000000000008,0.5839999999999996
O.J. Mayo,11.399999999999995,2.800000000000005,2.5999999999999965,0.7999999999999985,0.3000000000000005
Jeremy Lin,12.01900000000001,2.935999999999999,2.678,0.7360000000000012,0.231
Jodie Meeks,6.299999999999998,0.9000000000000008,1.599999999999997,0.39999999999999925,0.09999999999999981
Nene,9.938999999999998,0.9029999999999994,4.9769999999999985,0.773000000000001,0.37199999999999944
Anthony Morrow,4.382000000000006,0.2540000000000004,0.6500000000000007,0.23200000000000012,0.022000000000000006
Brandon Bass,8.080000000000007,1.8400000000000012,3.5949999999999975,0.40999999999999986,0.579999999999999
Roy Hibbert,5.899999999999989,1.200000000000002,4.8999999999999915,0.39999999999999925,1.4000000000000026
Manu Ginobili,9.080000000000004,3.2199999999999953,2.8740000000000006,1.298000000000001,0.2109999999999997
Marcus Morris Sr.,8.155000000000006,0.7189999999999991,3.191000000000005,0.4559999999999993,0.03900000000000001
Marreese Speights,7.192000000000008,0.7239999999999992,3.1100000000000048,0.24000000000000038,0.4259999999999998
Taj Gibson,6.524999999999998,0.8689999999999991,6.4090000000000025,1.1479999999999988,0.894
Tyson Chandler,10.238000000000008,0.5420000000000011,11.065999999999985,0.600000000000001,1.200000000000002
Kelly Olynyk,10.197999999999988,3.6849999999999965,5.185000000000003,0.8880000000000006,0.48099999999999943
Mario Chalmers,8.350000000000012,3.208000000000002,2.4520000000000017,1.2780000000000016,0.17399999999999974
Nikola Mirotic,9.562000000000006,0.8960000000000012,4.5420000000000025,0.7050000000000012,0.38400000000000006
Tyler Zeller,3.1559999999999997,0.43999999999999945,2.412,0.4910000000000007,0.3969999999999993
Zach LaVine,23.960000000000004,4.289999999999996,4.493000000000001,0.8730000000000006,0.2359999999999998
Courtney Lee,11.655999999999992,2.3290000000000033,2.994,1.0929999999999984,0.21999999999999975
Harrison Barnes,11.548000000000016,1.295000000000001,3.6539999999999986,0.7010000000000011,0.15999999999999978
Matt Barnes,9.538,2.122999999999999,5.8380000000000045,1.1140000000000008,0.5889999999999999
Wayne Ellington,8.055999999999992,1.251999999999998,3.3720000000000057,0.7359999999999992,0.02800000000000001
Dennis Schroder,14.465,5.6230000000000055,3.0580000000000007,0.820999999999999,0.16099999999999973
Nerlens Noel,4.678000000000008,0.21699999999999972,4.132000000000002,0.710999999999999,0.7280000000000005
Wesley Johnson,5.459999999999992,0.5050000000000002,3.04,0.8060000000000003,0.6630000000000009
Luc Mbah a Moute,7.426000000000001,0.9560000000000008,3.469999999999999,1.136000000000001,0.4059999999999996
Terrence Ross,8.729999999999988,1.435,2.4730000000000025,0.5850000000000007,0.21699999999999978
Gorgui Dieng,6.818999999999988,1.0930000000000015,5.130000000000009,0.7199999999999993,0.7759999999999999
Timofey Mozgov,7.245999999999996,0.46599999999999947,5.037999999999994,0.32200000000000023,1.0199999999999982
Robin Lopez,7.30899999999999,0.285,2.339000000000004,0.06700000000000003,0.7839999999999994
Evan Turner,7.651999999999996,3.5389999999999975,4.197000000000002,0.613,0.26299999999999973
D.J. Augustin,7.798000000000005,3.2430000000000017,1.5869999999999982,0.5110000000000001,0.021000000000000005
Greivis Vasquez,7.5,3.0,1.8000000000000016,0.5,0.0
Mike Dunleavy,3.9239999999999986,0.6899999999999987,1.6060000000000019,0.30399999999999977,0.07799999999999997
Luis Scola,9.399999999999984,1.2999999999999983,6.5,0.600000000000001,0.19999999999999962
Nicolas Batum,6.514999999999999,1.5740000000000003,4.977000000000006,0.45800000000000046,0.7029999999999995
Amir Johnson,3.5800000000000045,0.9159999999999998,3.072999999999999,0.32000000000000045,0.26600000000000024
Marco Belinelli,7.124999999999992,1.2700000000000014,1.8519999999999996,0.22799999999999984,0.05199999999999999
P.J. Tucker,4.955999999999994,1.3929999999999998,4.724999999999998,1.0910000000000009,0.2950000000000003
Bojan Bogdanovic,20.17799999999998,2.4479999999999973,4.002000000000005,0.7450000000000003,0.08999999999999984
Rajon Rondo,8.833999999999985,6.998000000000007,4.5910000000000055,1.3930000000000016,0.1159999999999998
Elfrid Payton,10.854000000000008,6.404999999999994,3.977000000000004,1.3070000000000008,0.30300000000000027
Solomon Hill,2.1709999999999963,0.4400000000000002,1.6610000000000027,0.14199999999999974,0.10799999999999982
Omri Casspi,11.799999999999978,1.4000000000000026,5.899999999999989,0.7999999999999985,0.19999999999999962
Hollis Thompson,9.799999999999983,1.2999999999999983,3.5,0.5,0.3000000000000005
Devin Harris,6.5799999999999965,1.7990000000000013,1.7219999999999975,0.5640000000000001,0.1739999999999997
Mason Plumlee,3.0730000000000013,1.0339999999999987,3.034,0.4390000000000001,0.4369999999999997
Boris Diaw,6.269000000000003,2.2290000000000005,2.521000000000002,0.5160000000000005,0.3529999999999996
Tony Allen,8.744000000000007,1.322000000000001,5.185000000000002,1.6509999999999971,0.4289999999999993
Tristan Thompson,4.611000000000001,0.5920000000000002,4.834000000000002,0.1939999999999998,0.3049999999999999
Rudy Gobert,11.921999999999999,1.4159999999999988,10.172999999999988,0.8500000000000005,1.2949999999999995
Derrick Williams,8.299999999999988,0.7000000000000013,2.699999999999995,0.5,0.09999999999999981
Ed Davis,5.756,0.819999999999999,8.202000000000009,0.39499999999999963,0.5229999999999994
Jameer Nelson,9.200000000000015,5.100000000000009,2.5999999999999965,0.7000000000000013,0.09999999999999981
Zaza Pachulia,4.402999999999996,1.2859999999999983,4.080999999999996,0.5510000000000002,0.2970000000000004
Lance Stephenson,7.6610000000000085,2.1139999999999985,3.2449999999999943,0.5940000000000009,0.09999999999999983
Iman Shumpert,3.6630000000000047,0.5039999999999991,1.8289999999999997,0.2660000000000004,0.05099999999999999
Jason Smith,6.834000000000006,0.9710000000000004,3.5149999999999992,0.3579999999999997,0.6840000000000005
Patrick Patterson,4.197999999999996,0.6560000000000009,2.445999999999999,0.20200000000000012,0.12599999999999986
James Johnson,6.17,2.0109999999999992,3.529999999999999,0.6039999999999996,0.6169999999999998
KJ McDaniels,2.300000000000004,0.3000000000000005,1.8000000000000016,0.0,0.7999999999999985
Andre Iguodala,4.635000000000002,1.953000000000002,3.305,0.9800000000000003,0.5100000000000001
Marcus Smart,14.259000000000013,5.110000000000006,3.9720000000000004,1.3609999999999993,0.3240000000000003
Mike Scott,4.834999999999995,0.7759999999999991,2.5890000000000013,0.40599999999999986,0.24100000000000021
Jerryd Bayless,7.79999999999999,3.0,2.699999999999995,0.7999999999999985,0.19999999999999962
Steven Adams,7.485999999999997,2.740000000000001,9.518999999999995,0.8900000000000009,0.8069999999999995
Jae Crowder,4.060000000000004,0.962999999999999,1.8490000000000004,0.6239999999999999,0.084
Beno Udrih,7.70000000000001,2.800000000000005,1.8000000000000016,0.600000000000001,0.09999999999999981
Norris Cole,3.2500000000000058,0.6899999999999987,0.6899999999999987,0.0,0.3000000000000005
Cody Zeller,4.209999999999995,0.4499999999999996,3.380000000000006,0.16299999999999978,0.3169999999999996
J.J. Barea,10.953000000000001,5.480000000000005,2.5560000000000014,0.44699999999999973,0.0
Tayshaun Prince,2.9000000000000004,1.0,1.9000000000000035,0.5,0.19999999999999962
Marvin Williams,5.611999999999999,0.9220000000000007,4.9040000000000035,0.5790000000000001,0.3470000000000001
Alan Anderson,11.0,1.200000000000002,3.5,0.7000000000000013,0.19999999999999962
Omer Asik,4.332000000000003,1.2360000000000007,8.399999999999986,0.9039999999999995,0.3079999999999998
Channing Frye,6.730000000000007,0.8429999999999989,3.171000000000001,0.4679999999999997,0.47099999999999975
Joakim Noah,5.800000000000001,3.199999999999994,11.0,0.7999999999999985,1.200000000000002
Jared Dudley,4.087999999999999,2.3480000000000043,1.2829999999999995,0.8709999999999992,0.29700000000000043
Trevor Booker,4.222000000000003,0.42700000000000027,3.4820000000000015,0.24200000000000016,0.2230000000000002
Quincy Pondexter,1.8980000000000006,1.0760000000000012,1.4480000000000002,0.6160000000000005,0.0
Lance Thomas,2.7440000000000024,0.24,1.4520000000000002,0.13600000000000007,0.2540000000000003
Leandro Barbosa,6.302999999999997,1.1650000000000018,1.5420000000000003,0.5600000000000006,0.07799999999999989
Jason Terry,3.326,0.938999999999999,1.3969999999999998,0.513,0.2109999999999998
John Henson,8.25999999999999,1.3500000000000003,6.2840000000000025,0.5620000000000006,1.442000000000002
Austin Rivers,5.49,1.3399999999999994,1.8229999999999986,0.8079999999999997,0.1329999999999998
Jusuf Nurkic,8.920999999999985,2.4370000000000043,8.248999999999993,1.3579999999999997,1.3859999999999997
Will Barton,13.805999999999989,2.8600000000000034,5.406000000000009,0.8319999999999989,0.31699999999999967
CJ McCollum,18.78899999999998,4.709000000000007,4.684000000000006,1.4950000000000003,0.7189999999999991
Chase Budinger,4.100000000000006,1.0,2.300000000000004,0.5,0.19999999999999962
Cory Joseph,6.907999999999988,3.2519999999999993,1.9359999999999982,0.5520000000000003,0.13899999999999982
Brian Roberts,0.7999999999999985,0.3000000000000005,0.09999999999999981,0.0,0.0
Darrell Arthur,6.600000000000012,1.0,2.9000000000000004,0.7999999999999985,0.39999999999999925
Aron Baynes,6.073000000000007,0.9220000000000005,5.317999999999992,0.28600000000000037,0.4579999999999997
Kevin Seraphin,7.299999999999992,1.0,3.5,0.0,0.5
Alexis Ajinca,5.141999999999999,0.4479999999999999,3.4820000000000038,0.3000000000000005,0.4440000000000006
Anthony Tolliver,4.284000000000007,0.7759999999999989,2.8290000000000024,0.3000000000000005,0.21699999999999975
Jerami Grant,20.324999999999992,2.4020000000000037,4.482000000000001,0.7489999999999989,0.8759999999999987
Andrew Bogut,4.821000000000005,1.6590000000000023,6.246000000000001,0.5820000000000008,1.621999999999997
Charlie Villanueva,5.688000000000005,0.42799999999999955,2.472000000000001,0.24399999999999994,0.22799999999999987
Ramon Sessions,9.27599999999999,2.7440000000000033,2.474000000000001,0.5480000000000005,0.09999999999999981
Alex Len,3.8309999999999955,0.29600000000000026,2.9629999999999983,0.10699999999999996,0.3659999999999996
Shane Larkin,6.200000000000001,3.0,2.300000000000004,1.200000000000002,0.09999999999999981
Tony Snell,7.932999999999997,1.2640000000000002,2.425,0.4630000000000003,0.2759999999999996
Tarik Black,6.0,0.7000000000000013,5.800000000000001,0.3000000000000005,0.39999999999999925
Otto Porter Jr.,6.323999999999993,1.6200000000000012,3.6599999999999966,0.9010000000000008,0.3849999999999996
Kyle Singler,6.0,1.099999999999998,2.400000000000004,0.600000000000001,0.3000000000000005
Jonas Jerebko,2.382999999999999,0.700999999999999,2.1769999999999974,0.16899999999999996,0.09299999999999989
Shaun Livingston,4.295,1.5450000000000017,1.6400000000000017,0.48499999999999993,0.23599999999999974
Quincy Acy,5.549999999999994,0.75,3.7999999999999936,0.4499999999999996,0.3499999999999998
Richard Jefferson,4.161999999999996,0.5229999999999998,1.7150000000000005,0.20299999999999993,0.16599999999999973
Spencer Hawes,3.600000000000003,0.600000000000001,3.199999999999994,0.19999999999999962,0.39999999999999925
Vince Carter,6.275,0.9359999999999986,2.517999999999998,0.44599999999999956,0.34899999999999953
Kirk Hinrich,5.6999999999999975,2.199999999999996,1.8000000000000016,0.7000000000000013,0.19999999999999962
Pero Antic,5.6999999999999975,0.7999999999999985,3.0,0.3000000000000005,0.19999999999999962
Al-Farouq Aminu,8.260999999999994,1.3559999999999988,6.580999999999996,0.7239999999999999,0.6340000000000009
Cole Aldrich,2.7639999999999976,0.5439999999999992,3.200000000000001,0.4959999999999992,0.5959999999999996
Chris Andersen,3.800000000000007,0.7999999999999985,7.79999999999999,0.5,0.7999999999999985
JaKarr Sampson,5.022000000000002,0.9119999999999999,3.146000000000005,0.45599999999999996,0.11
Kent Bazemore,7.687000000000004,1.5899999999999992,3.654999999999999,0.9989999999999999,0.53
Kosta Koufos,6.416000000000005,1.0100000000000018,6.130000000000008,0.6280000000000008,0.552
Dante Cunningham,2.0139999999999985,0.26000000000000006,1.8389999999999993,0.14300000000000007,0.088
James Ennis III,7.177,1.1650000000000014,5.226000000000004,0.8989999999999999,0.37099999999999944
Joe Ingles,2.6819999999999977,1.8189999999999984,1.979000000000003,0.5419999999999995,0.019999999999999997
Lavoy Allen,0.4489999999999999,0.13000000000000006,1.292000000000001,0.06800000000000002,0.07500000000000004
Dante Exum,3.03,0.8479999999999995,1.0860000000000014,0.19799999999999973,0.10799999999999979
Matthew Dellavedova,3.0740000000000016,3.051999999999995,1.2639999999999987,0.37599999999999945,0.0
Bismack Biyombo,3.9039999999999977,0.8399999999999992,3.8869999999999982,0.10200000000000004,1.2979999999999996
Jon Leuer,8.946000000000012,1.3240000000000003,4.937999999999994,0.3779999999999994,0.2560000000000004
Nik Stauskas,5.64499999999999,1.1730000000000018,1.7420000000000022,0.3150000000000005,0.1439999999999998
Ian Mahinmi,5.323000000000003,0.4050000000000003,3.1950000000000056,0.6580000000000008,0.8169999999999986
Steve Blake,3.1820000000000004,2.716,1.0160000000000011,0.25799999999999984,0.13999999999999976
Justin Holiday,3.4859999999999998,0.6039999999999996,1.556,0.5660000000000003,0.09500000000000003
Nick Calathes,3.300000000000006,1.599999999999997,1.599999999999997,0.9000000000000008,0.09999999999999981
Nick Collison,2.099999999999996,0.9000000000000008,2.9000000000000004,0.3000000000000005,0.3000000000000005
Pablo Prigioni,1.0629999999999995,1.7090000000000023,0.7929999999999997,0.30899999999999983,0.0
Luke Babbitt,4.800000000000008,0.5,2.099999999999996,0.3000000000000005,0.19999999999999962
Miles Plumlee,5.100000000000009,0.3000000000000005,3.800000000000007,0.3000000000000005,0.7999999999999985
Glen Davis,2.9000000000000004,0.19999999999999962,1.9000000000000035,0.39999999999999925,0.39999999999999925
Hedo Turkoglu,3.699999999999993,0.600000000000001,1.599999999999997,0.3000000000000005,0.09999999999999981
Matt Bonner,3.699999999999993,0.7000000000000013,1.599999999999997,0.09999999999999981,0.19999999999999962
Dewayne Dedmon,4.012000000000007,0.4009999999999995,3.365,0.12999999999999984,0.2719999999999998
Tyler Hansbrough,1.2999999999999983,0.7999999999999985,1.5,0.5,0.3000000000000005
Andre Roberson,9.620000000000012,1.4939999999999998,5.862000000000003,2.0190000000000037,2.6390000000000016
Derrick Rose,18.849000000000025,4.936999999999998,3.9220000000000015,0.5309999999999997,0.23199999999999982
Dwight Howard,6.893000000000003,0.6840000000000002,6.545999999999993,0.5500000000000003,0.6820000000000002
Patty Mills,7.0989999999999975,0.9809999999999995,1.3320000000000007,0.29599999999999993,0.18700000000000014
Meyers Leonard,5.984999999999989,1.1710000000000012,3.749000000000003,0.19099999999999967,0.20200000000000007
Jrue Holiday,14.223999999999998,6.019000000000001,4.411999999999996,1.170000000000001,0.5959999999999998
Festus Ezeli,4.0,0.3000000000000005,2.699999999999995,0.0,0.3000000000000005
Clint Capela,11.639000000000001,1.127000000000002,10.896000000000004,0.6520000000000007,1.4579999999999995
Dahntay Jones,0.39999999999999925,0.0,0.09999999999999981,0.19999999999999962,0.0
Kevin Durant,26.759000000000015,3.865000000000005,6.693,0.6030000000000002,1.446
Paul George,20.450000000000003,4.457000000000005,6.477000000000001,1.3270000000000004,0.4869999999999999
Carmelo Anthony,13.628999999999992,1.1929999999999998,4.183999999999996,0.709000000000001,0.7059999999999992
Karl-Anthony Towns,19.469999999999978,2.534999999999997,9.345,0.7579999999999995,0.49400000000000027
Rodney Hood,5.657999999999996,1.0189999999999997,2.016000000000002,0.3959999999999995,0.11299999999999986
Kristaps Porzingis,21.264000000000006,2.2999999999999976,8.02399999999999,0.836000000000001,1.6520000000000001
Hassan Whiteside,4.067000000000004,0.14200000000000007,6.137000000000003,0.30400000000000044,1.534
Jabari Parker,10.136000000000001,0.9550000000000004,4.430000000000006,0.21799999999999986,0.7049999999999992
Darren Collison,11.959999999999997,4.306,2.9299999999999993,0.698,0.02600000000000001
Devin Booker,27.98199999999998,6.203999999999999,3.782000000000004,1.5150000000000003,0.3759999999999999
D'Angelo Russell,14.578000000000017,4.396999999999998,3.0020000000000038,0.9909999999999995,0.2139999999999997
Emmanuel Mudiay,7.831999999999998,2.4999999999999956,2.3680000000000034,0.4719999999999997,0.21199999999999963
Ish Smith,6.491999999999997,3.7370000000000045,2.4429999999999983,0.7880000000000006,0.3819999999999994
Gary Harris,6.209999999999997,1.1250000000000016,2.123,1.1700000000000004,0.4089999999999999
Mirza Teletovic,6.399999999999988,0.7000000000000013,2.300000000000004,0.19999999999999962,0.19999999999999962
George Hill,5.943,1.7520000000000002,1.624000000000001,0.7140000000000009,0.2710000000000004
Julius Randle,16.29699999999998,3.4870000000000037,8.568999999999992,0.5330000000000001,0.3260000000000003
Shabazz Muhammad,10.5,0.600000000000001,3.300000000000006,0.3000000000000005,0.09999999999999981
Myles Turner,16.700999999999993,1.8629999999999984,6.796000000000005,0.5170000000000001,1.6870000000000005
Allen Crabbe,12.159000000000022,1.4739999999999978,3.8980000000000037,0.604000000000001,0.41199999999999987
Ricky Rubio,9.797000000000015,6.562999999999993,3.4700000000000055,1.4740000000000018,0.10299999999999981
Nikola Jokic,28.444999999999997,8.210000000000003,13.010000000000005,1.366000000000001,0.765000000000001
Patrick Beverley,8.253000000000009,4.851,3.7440000000000033,1.0190000000000006,0.731000000000001
Raymond Felton,3.228999999999995,0.9029999999999996,0.9929999999999997,0.7989999999999992,0.18999999999999986
Doug McDermott,5.729999999999999,0.968999999999999,1.0910000000000015,0.2850000000000003,0.02500000000000001
Aaron Gordon,14.354999999999992,4.001999999999997,7.338999999999998,0.7919999999999989,0.616000000000001
Jeremy Lamb,14.219999999999988,2.1339999999999986,5.056000000000003,0.9649999999999987,0.39999999999999925
Stanley Johnson,5.390999999999992,1.4619999999999995,2.8600000000000008,0.9050000000000007,0.2660000000000002
Joffrey Lauvergne,5.39999999999999,1.0,3.600000000000003,0.39999999999999925,0.09999999999999981
Langston Galloway,9.627999999999984,1.4199999999999995,2.252000000000001,0.6570000000000009,0.17099999999999974
Jose Calderon,6.8740000000000085,3.682000000000002,2.781999999999997,0.768,0.1219999999999998
E'Twaun Moore,9.154999999999989,1.5860000000000016,2.336000000000001,0.6370000000000011,0.20799999999999977
Frank Kaminsky,8.578000000000007,1.4560000000000002,4.236000000000003,0.5830000000000002,0.5280000000000002
JaMychal Green,4.550000000000001,0.4819999999999994,2.876000000000002,0.05400000000000001,0.20699999999999963
Garrett Temple,6.164000000000002,1.4609999999999999,2.550000000000003,0.7670000000000006,0.37999999999999934
Bobby Portis,15.164999999999997,1.0899999999999999,10.566999999999991,0.4959999999999999,0.25199999999999967
Willie Cauley-Stein,4.010000000000001,0.6390000000000003,3.528999999999997,0.4019999999999997,0.7340000000000007
Justise Winslow,8.061999999999987,1.9779999999999973,5.664000000000002,0.789999999999999,0.5319999999999995
Thabo Sefolosha,6.509999999999991,1.5290000000000012,4.403,1.1819999999999993,0.5180000000000002
Maurice Harkless,6.267999999999997,1.0619999999999996,3.830999999999997,0.8700000000000003,0.5519999999999999
Trey Lyles,7.493000000000007,1.158000000000002,4.327999999999998,0.3320000000000002,0.3250000000000003
T.J. McConnell,10.670999999999994,5.189000000000006,3.021999999999999,0.9450000000000004,0.1099999999999998
Mario Hezonja,5.312000000000007,1.2330000000000019,3.0869999999999944,0.6340000000000008,0.07100000000000004
Raul Neto,7.027999999999997,2.639999999999998,1.8570000000000015,0.7309999999999988,0.0030000000000000005
Randy Foye,4.605999999999994,1.7360000000000002,2.001999999999998,0.4120000000000001,0.1219999999999998
Dwight Powell,4.575000000000004,1.082999999999999,3.6979999999999973,0.43199999999999955,0.33200000000000024
Jerian Grant,5.401,2.0110000000000023,1.7080000000000024,0.6590000000000008,0.08499999999999985
Larry Nance Jr.,7.218000000000004,1.798000000000001,5.771999999999997,1.011,0.4850000000000002
Nemanja Bjelica,6.378000000000009,1.942999999999999,4.128000000000007,0.6100000000000008,0.37699999999999956
Kyle O'Quinn,5.97,1.4119999999999997,5.204000000000009,0.45599999999999996,1.189999999999998
Kyle Anderson,4.723000000000003,2.256,3.002999999999996,0.814000000000001,0.34
Kelly Oubre Jr.,13.593000000000016,1.5330000000000004,4.406999999999999,1.5090000000000001,0.9300000000000013
Noah Vonleh,7.047999999999989,1.4050000000000025,6.889999999999997,0.5970000000000004,0.6639999999999989
Ian Clark,6.746000000000001,1.5169999999999986,1.5349999999999993,0.4049999999999994,0.10399999999999983
Mike Muscala,5.696000000000009,0.838999999999999,3.1149999999999953,0.22899999999999962,0.44399999999999956
Michael Beasley,13.200000000000024,1.6999999999999986,5.60000000000001,0.5,0.600000000000001
Justin Anderson,6.224000000000005,0.9270000000000005,2.7679999999999985,0.11999999999999998,0.2850000000000005
Josh Richardson,10.211000000000015,2.511999999999998,2.8109999999999986,1.1029999999999998,0.3809999999999998
Terry Rozier,19.595999999999968,5.378000000000007,4.096000000000001,1.0530000000000002,0.29700000000000043
Salah Mejri,3.3440000000000003,0.4960000000000007,4.051999999999998,0.39999999999999925,1.0219999999999982
Norman Powell,10.525999999999994,1.1339999999999986,2.3409999999999993,0.6050000000000003,0.2260000000000001
T.J. Warren,18.82999999999998,1.3799999999999992,4.586999999999999,1.1480000000000015,0.5430000000000004
Tyler Johnson,12.797999999999988,2.189000000000002,2.1180000000000017,0.2599999999999999,0.29700000000000043
Nick Young,3.634000000000005,0.2659999999999996,0.8199999999999996,0.188,0.022000000000000006
Dario Saric,9.137000000000004,2.166000000000002,4.928999999999996,0.5420000000000003,0.1989999999999997
Seth Curry,8.707999999999991,1.865,1.2039999999999993,0.15699999999999995,0.03600000000000001
Buddy Hield,12.925999999999995,2.7190000000000043,3.5129999999999955,0.8029999999999993,0.425
Malcolm Brogdon,11.316,3.0769999999999986,3.540000000000001,0.31699999999999984,0.2580000000000003
Jamal Murray,20.43099999999998,5.663000000000004,4.251000000000004,0.8679999999999991,0.44699999999999995
Brandon Ingram,15.474999999999971,3.628000000000002,4.757000000000002,0.9189999999999996,1.0419999999999991
Marquese Chriss,9.27799999999999,1.6360000000000021,5.759999999999998,0.722000000000001,1.055999999999999
Michael Kidd-Gilchrist,7.72500000000001,1.0240000000000002,4.097000000000006,0.6000000000000005,0.5540000000000002
Montrezl Harrell,13.582999999999988,1.8059999999999996,5.815000000000007,0.44899999999999957,0.6470000000000009
Rondae Hollis-Jefferson,8.668999999999995,1.7200000000000002,4.607999999999998,0.7129999999999994,0.5989999999999993
Troy Daniels,8.717999999999993,0.626000000000001,1.5739999999999978,0.3000000000000005,0.09999999999999981
Willy Hernangomez,8.200000000000012,1.2999999999999983,7.0,0.600000000000001,0.5
Spencer Dinwiddie,5.042,2.2699999999999965,1.785000000000002,0.47899999999999965,0.22599999999999984
David Lee,4.100000000000006,0.7000000000000013,3.800000000000007,0.3000000000000005,0.3000000000000005
Tyler Ulis,7.299999999999992,3.699999999999993,1.599999999999997,0.7999999999999985,0.09999999999999981
Tim Frazier,4.379000000000003,3.8810000000000007,2.3270000000000026,0.7089999999999993,0.09999999999999981
Brandon Jennings,7.100000000000012,4.8999999999999915,2.400000000000004,0.9000000000000008,0.0
Jaylen Brown,23.86299999999997,3.196,5.855000000000002,1.171000000000001,0.6070000000000004
Sam Dekker,4.199999999999992,0.5,2.400000000000004,0.3000000000000005,0.09999999999999981
Timothe Luwawu-Cabarrot,3.610000000000005,0.7560000000000003,1.3719999999999999,0.21600000000000003,0.02800000000000001
Rodney McGruder,3.439000000000005,0.6530000000000008,2.5619999999999963,0.425,0.09799999999999985
Jonathon Simmons,9.382000000000005,1.8220000000000014,1.9520000000000015,0.600000000000001,0.15199999999999989
JaVale McGee,6.915999999999997,0.5450000000000006,4.256999999999998,0.3020000000000004,0.6339999999999992
Glenn Robinson III,5.328000000000007,0.6680000000000009,2.898000000000002,0.590000000000001,0.16200000000000017
Alex Abrines,4.238999999999999,0.3649999999999999,2.3279999999999976,0.6609999999999993,0.22600000000000034
Domantas Sabonis,19.19600000000001,7.581000000000005,12.997000000000009,0.8820000000000003,0.5500000000000005
Andrew Harrison,5.899999999999989,2.800000000000005,1.9000000000000035,0.7000000000000013,0.3000000000000005
Taurean Prince,7.371999999999991,0.7599999999999999,2.324000000000003,0.4000000000000003,0.35699999999999965
Juancho Hernangomez,3.244000000000004,0.7489999999999989,2.4399999999999995,0.34800000000000003,0.07000000000000002
Cristiano Felicio,4.176000000000001,0.600000000000001,3.8420000000000027,0.2439999999999996,0.14399999999999985
Davis Bertans,4.104000000000002,0.5449999999999998,1.5390000000000015,0.34299999999999964,0.15799999999999986
Dorian Finney-Smith,8.837999999999992,1.52,5.022,0.8129999999999993,0.4779999999999998
Patrick McCaw,4.100000000000006,1.099999999999998,2.199999999999996,0.600000000000001,0.19999999999999962
Kris Dunn,5.893999999999993,3.6960000000000037,3.081999999999999,1.26,0.37399999999999956
Tyus Jones,9.120999999999992,4.834999999999995,2.366000000000001,0.9950000000000006,0.07599999999999989
Shabazz Napier,9.883999999999991,3.9979999999999944,2.6700000000000044,1.1740000000000008,0.19999999999999962
Shelvin Mack,6.899999999999988,3.899999999999995,2.400000000000004,0.7999999999999985,0.09999999999999981
Thon Maker,4.767999999999997,0.6830000000000012,2.9020000000000024,0.3999999999999996,0.7170000000000009
Wayne Selden,3.800000000000007,1.200000000000002,1.5,0.19999999999999962,0.19999999999999962
Delon Wright,7.2909999999999995,2.791000000000003,3.2780000000000005,1.0660000000000003,0.3859999999999998
Pat Connaughton,5.195999999999999,1.9599999999999982,3.8300000000000027,0.8320000000000001,0.24799999999999972
Tomas Satoransky,7.751000000000008,4.558999999999993,2.7310000000000003,0.7410000000000012,0.19899999999999962
Joel Embiid,30.95699999999995,3.9119999999999964,10.982000000000014,1.0469999999999993,1.572000000000001
Donovan Mitchell,29.133000000000038,4.7279999999999935,4.5070000000000014,1.3089999999999997,0.3349999999999998
Kyle Kuzma,20.842000000000027,3.795999999999994,6.654000000000012,0.5210000000000001,0.6520000000000009
Ben Simmons,13.338999999999999,8.258999999999995,7.9429999999999925,1.411,0.8239999999999991
Lauri Markkanen,22.543999999999965,1.700000000000002,8.15100000000001,0.605000000000001,0.5910000000000009
Jayson Tatum,25.196999999999992,5.7219999999999995,9.42599999999999,1.0280000000000002,0.7270000000000012
Josh Jackson,12.906000000000008,2.300000000000004,4.1780000000000035,0.9000000000000008,0.7739999999999994
Caris LeVert,14.023999999999994,4.037,3.884999999999997,1.0010000000000012,0.333
Bogdan Bogdanovic,16.25700000000001,3.1270000000000007,3.555999999999998,1.131000000000001,0.27400000000000024
De'Aaron Fox,25.600999999999967,5.8740000000000085,4.418000000000003,1.8379999999999992,0.4219999999999995
Reggie Bullock Jr.,7.848000000000009,1.378000000000002,3.6030000000000024,0.7060000000000006,0.19599999999999962
Dillon Brooks,12.800000000000013,1.8229999999999982,3.3279999999999994,0.8300000000000007,0.12599999999999983
Joe Harris,4.032000000000006,0.4959999999999999,1.6990000000000007,0.495,0.06700000000000002
John Collins,14.658999999999986,1.108999999999999,8.107,0.5770000000000007,0.9000000000000005
Yogi Ferrell,10.200000000000019,2.5,3.0,0.7999999999999985,0.09999999999999981
Denzel Valentine,6.5,1.6999999999999986,3.199999999999994,0.5,0.09999999999999981
Fred VanVleet,18.98799999999997,6.786000000000004,4.105000000000002,1.766000000000001,0.5360000000000005
Jarrett Allen,15.29099999999999,2.399999999999996,10.375999999999994,0.6860000000000005,1.1599999999999993
Dejounte Murray,21.545,6.366999999999994,5.559000000000003,1.4770000000000019,0.2930000000000004
Josh Hart,12.661999999999999,3.7359999999999998,9.677999999999997,1.0200000000000002,0.6319999999999989
Darius Miller,7.1399999999999935,1.3560000000000023,2.043999999999999,0.36600000000000016,0.15599999999999978
Alec Burks,9.15700000000001,1.6340000000000012,3.190999999999999,0.44599999999999995,0.32000000000000056
Luke Kennard,8.263000000000005,1.4670000000000014,3.6179999999999994,0.7069999999999992,0.03600000000000001
Pascal Siakam,21.16699999999997,3.8020000000000063,7.344000000000001,0.8469999999999986,0.47099999999999914
Bryn Forbes,4.623000000000001,1.1560000000000012,0.7879999999999996,0.1809999999999998,0.004
Jakob Poeltl,12.176999999999998,2.6149999999999984,8.966000000000005,0.8170000000000007,1.372000000000001
Bam Adebayo,20.007999999999978,3.495000000000003,8.958999999999987,0.5289999999999992,0.22899999999999998
Malik Monk,15.091000000000008,4.647000000000005,3.001000000000001,0.6160000000000009,0.45099999999999985
Justin Jackson,5.812,0.8779999999999987,2.504000000000004,0.2519999999999996,0.19999999999999962
Frank Ntilikina,4.496000000000006,1.6399999999999992,1.5980000000000023,0.5659999999999998,0.1219999999999998
OG Anunoby,13.34099999999999,1.9449999999999976,4.863000000000003,1.2120000000000009,0.5250000000000008
Maxi Kleber,7.498000000000002,1.1220000000000014,4.689,0.3729999999999999,0.9059999999999998
Daniel Theis,6.126,1.0000000000000002,4.033000000000003,0.3889999999999994,0.8330000000000003
Royce O'Neale,5.421,1.3120000000000007,4.725000000000003,0.45499999999999957,0.109
Zach Collins,10.954000000000013,2.6980000000000035,5.509999999999991,0.5310000000000001,0.7959999999999988
Treveon Graham,3.256000000000004,0.7920000000000001,1.9360000000000022,0.5360000000000004,0.07200000000000004
Kevon Looney,4.452000000000002,1.8280000000000016,5.642999999999998,0.3909999999999995,0.40899999999999925
Cedi Osman,7.162999999999996,1.5819999999999994,2.535000000000001,0.4959999999999999,0.18099999999999977
Sindarius Thornwell,3.899999999999995,0.9000000000000008,1.9000000000000035,0.7000000000000013,0.3000000000000005
Wes Iwundu,4.210999999999995,0.8259999999999986,2.118999999999998,0.5770000000000007,0.31499999999999956
Malik Beasley,8.950999999999992,0.7910000000000013,2.6850000000000005,0.6190000000000009,0.04300000000000001
Terrance Ferguson,3.808999999999999,0.7949999999999997,1.2719999999999982,0.47199999999999975,0.2580000000000002
Semi Ojeleye,4.083000000000002,0.5980000000000005,2.4299999999999957,0.29500000000000043,0.02600000000000001
Quinn Cook,4.331999999999996,0.6780000000000012,1.1659999999999986,0.19999999999999962,0.09999999999999981
Jordan Bell,2.400000000000004,0.9000000000000008,2.800000000000005,0.39999999999999925,0.5
Cheick Diallo,1.4000000000000026,0.0,1.2999999999999983,0.09999999999999981,0.09999999999999981
Luka Doncic,29.148000000000035,8.280000000000012,9.149999999999988,1.6130000000000004,0.44299999999999956
Trae Young,28.949999999999992,10.004000000000016,3.7019999999999946,1.4780000000000004,0.5060000000000007
Collin Sexton,19.48400000000002,4.5389999999999935,2.7369999999999983,0.7959999999999989,0.18599999999999972
Deandre Ayton,14.327000000000012,1.1280000000000003,9.960000000000013,0.6210000000000008,0.7750000000000011
Jaren Jackson Jr.,20.488000000000003,1.954000000000002,5.858000000000001,1.0940000000000014,1.6969999999999976
Kevin Knox II,7.964000000000009,0.6320000000000001,3.174000000000005,0.4439999999999995,0.22199999999999975
Shai Gilgeous-Alexander,29.33499999999999,6.093999999999993,6.474999999999999,1.4129999999999994,1.4440000000000006
Damyean Dotson,6.700000000000005,1.200000000000002,1.9000000000000035,0.5,0.09999999999999981
Thomas Bryant,10.5,1.2999999999999983,6.299999999999998,0.3000000000000005,0.9000000000000008
Monte Morris,10.66699999999999,4.946000000000003,3.111999999999999,0.7230000000000011,0.19299999999999964
Derrick White,16.01100000000002,4.249999999999994,4.013000000000003,0.8990000000000008,1.1560000000000017
Kevin Huerter,10.274000000000019,2.687999999999998,3.474000000000001,0.7520000000000011,0.4099999999999992
Jonathan Isaac,6.439999999999999,0.4189999999999994,5.018999999999992,0.6550000000000008,1.2359999999999989
Jalen Brunson,28.742000000000026,6.698000000000002,3.4730000000000043,0.809999999999999,0.1779999999999997
Landry Shamet,4.869000000000004,1.1439999999999981,1.7059999999999989,0.29099999999999965,0.10499999999999984
Ivica Zubac,14.07300000000002,0.995,9.24599999999999,0.6889999999999991,0.5700000000000001
Rodions Kurucs,6.28,0.7999999999999985,3.4560000000000044,0.40399999999999964,0.47399999999999975
DeAndre' Bembry,5.6999999999999975,2.099999999999996,2.9000000000000004,1.0,0.39999999999999925
Mikal Bridges,19.59199999999997,3.4830000000000036,4.505999999999999,1.0029999999999994,0.47599999999999953
Richaun Holmes,8.200000000000012,0.9000000000000008,4.699999999999992,0.600000000000001,1.099999999999998
Frank Jackson,6.299999999999998,1.0,1.4000000000000026,0.3000000000000005,0.09999999999999981
Josh Okogie,3.856000000000001,0.748,1.4959999999999989,0.581,0.117
Miles Bridges,19.76600000000001,3.244000000000005,6.981999999999994,0.8790000000000009,0.5809999999999998
Mitchell Robinson,7.019999999999999,0.7279999999999991,8.796999999999992,0.7340000000000007,1.6570000000000007
Boban Marjanovic,6.909999999999994,0.8219999999999988,5.536000000000005,0.06599999999999998,0.34400000000000014
Derrick Jones Jr.,8.347000000000003,1.1329999999999987,3.3950000000000022,0.5630000000000002,0.8700000000000001
Ryan Arcidiacono,6.700000000000005,3.300000000000006,2.699999999999995,0.7999999999999985,0.0
Shaquille Harrison,6.5,1.9000000000000035,3.0,1.200000000000002,0.39999999999999925
Sterling Brown,7.263000000000006,1.300000000000002,4.066999999999995,0.648000000000001,0.1659999999999997
Torrey Craig,5.465000000000004,0.8220000000000007,3.7410000000000023,0.38299999999999995,0.46099999999999963
Alfonzo McKinnie,3.0,0.19999999999999962,2.300000000000004,0.09999999999999981,0.0
Bruce Brown,10.807999999999987,2.7810000000000015,4.226999999999997,0.9340000000000004,0.36200000000000015
Georges Niang,3.2140000000000026,0.45899999999999963,1.2920000000000016,0.33699999999999947,0.18099999999999977
Abdel Nader,6.299999999999998,0.7000000000000013,1.8000000000000016,0.39999999999999925,0.39999999999999925
Khem Birch,3.755999999999998,0.6189999999999996,2.787999999999999,0.2349999999999996,0.40299999999999997
Jerome Robinson,3.600000000000003,1.4000000000000026,1.200000000000002,0.39999999999999925,0.0
Aaron Holiday,6.6130000000000075,1.9550000000000032,1.615999999999999,0.5750000000000003,0.10699999999999983
Lonnie Walker IV,9.972000000000007,1.6339999999999986,2.481999999999999,0.5240000000000002,0.2680000000000002
Devonte' Graham,9.768999999999993,3.271999999999994,2.119000000000002,0.6599999999999998,0.18899999999999967
Ja Morant,24.20299999999997,7.260000000000002,6.251999999999996,1.5430000000000004,0.2179999999999998
Kendrick Nunn,7.438000000000013,1.4319999999999993,1.852999999999997,0.37799999999999945,0.14099999999999976
RJ Barrett,19.67500000000002,3.199000000000004,5.545999999999995,0.5540000000000002,0.35399999999999954
Eric Paschall,5.800000000000001,0.600000000000001,1.8000000000000016,0.19999999999999962,0.09999999999999981
Tyler Herro,15.338999999999993,3.241999999999997,4.636000000000003,0.5279999999999996,0.2
Duncan Robinson,4.384000000000005,1.1610000000000016,1.3009999999999997,0.39099999999999957,0.03800000000000002
Coby White,16.891999999999992,4.317000000000004,4.089999999999999,0.6820000000000007,0.17699999999999969
Christian Wood,16.937999999999988,1.9300000000000026,8.027999999999995,0.5039999999999992,1.0739999999999987
Damion Lee,2.8379999999999983,0.6330000000000003,1.6620000000000013,0.27500000000000036,0.013000000000000001
De'Andre Hunter,16.90900000000003,1.1780000000000017,5.160999999999993,0.6670000000000007,0.2890000000000004
Darius Garland,18.212000000000003,6.249000000000004,2.429000000000003,1.2020000000000008,0.11099999999999982
P.J. Washington,13.07200000000001,1.548,6.208000000000007,0.8589999999999991,0.7390000000000003
Markelle Fultz,8.32099999999999,2.476999999999996,2.2549999999999994,0.6549999999999995,0.13599999999999995
Brandon Clarke,12.148999999999987,1.7970000000000008,6.5399999999999885,0.7339999999999992,0.8149999999999986
Lonzo Ball,14.599999999999984,5.6999999999999975,4.800000000000008,1.5,0.600000000000001
Danuel House Jr.,5.861999999999999,0.8540000000000013,3.460000000000006,0.19799999999999998,0.15599999999999978
Troy Brown Jr.,4.475999999999996,1.0539999999999998,2.7540000000000004,0.4639999999999996,0.10199999999999981
Kevin Porter Jr.,18.40800000000002,5.809999999999999,5.102000000000005,1.3340000000000014,0.32200000000000023
Furkan Korkmaz,3.198000000000002,0.5199999999999995,1.475,0.20900000000000016,0.09499999999999986
Michael Porter Jr.,16.646999999999988,1.0959999999999983,6.747999999999996,0.8330000000000009,0.771999999999999
Donte DiVincenzo,16.569999999999983,2.6199999999999966,3.9969999999999994,1.2220000000000006,0.7339999999999999
Svi Mykhailiuk,8.5,1.6999999999999986,2.5,0.7999999999999985,0.19999999999999962
Gary Trent Jr.,14.190000000000015,1.571,2.552999999999996,1.1219999999999986,0.1339999999999998
Cameron Johnson,13.014000000000003,2.174000000000003,4.210000000000006,0.729999999999999,0.27700000000000036
Jordan Poole,17.944000000000024,4.330999999999997,2.780999999999996,0.9989999999999987,0.30200000000000043
Anfernee Simons,7.513999999999994,1.4030000000000018,2.4249999999999963,0.5229999999999991,0.11199999999999984
De'Anthony Melton,7.706999999999997,1.756999999999998,3.2570000000000037,1.1300000000000017,0.7139999999999992
Terence Davis,7.220000000000008,1.1040000000000005,2.2779999999999974,0.7000000000000013,0.19999999999999962
Jaxson Hayes,5.414000000000004,0.36599999999999994,2.86,0.231,0.3819999999999997
Brad Wanamaker,5.343999999999998,2.614000000000004,1.7779999999999985,0.7000000000000013,0.19999999999999962
Chris Boucher,9.09799999999999,0.37999999999999945,5.4449999999999985,0.5520000000000007,0.857999999999999
Darius Bazley,11.188999999999991,1.460000000000002,6.556999999999999,0.6609999999999993,0.8269999999999998
Alex Caruso,6.028000000000004,3.096000000000002,2.6990000000000034,1.2819999999999994,0.7060000000000006
Mo Bamba,10.600000000000012,1.200000000000002,8.100000000000014,0.5,1.6999999999999986
Isaac Bonga,5.0,1.200000000000002,3.3999999999999972,0.7000000000000013,0.3000000000000005
Cody Martin,6.9980000000000055,2.37,3.818000000000002,1.096000000000001,0.42199999999999993
Jevon Carter,4.664,1.2939999999999996,1.1169999999999989,0.5129999999999999,0.2039999999999997
Tony Bradley,1.5,0.19999999999999962,3.800000000000007,0.3000000000000005,0.3000000000000005
Matisse Thybulle,4.944,0.8229999999999998,1.825000000000001,1.4200000000000008,0.8680000000000004
Grant Williams,9.397999999999989,1.8720000000000012,3.9599999999999977,0.5440000000000004,0.555
Goga Bitadze,3.199999999999994,0.39999999999999925,2.0,0.19999999999999962,0.7000000000000013
Shake Milton,9.099999999999996,1.9320000000000008,1.9500000000000002,0.4940000000000002,0.21200000000000027
Luguentz Dort,12.919000000000013,1.7629999999999992,4.130000000000004,0.8920000000000003,0.45799999999999996
Wenyen Gabriel,5.5,0.5,4.199999999999992,0.39999999999999925,0.5
Robert Williams III,7.738000000000008,1.0499999999999998,6.132999999999999,0.5710000000000001,1.5680000000000005
Edmond Sumner,2.0,0.0,2.0,0.0,0.0
Terance Mann,9.060999999999988,1.8300000000000005,4.573999999999999,0.165,0.07300000000000001
Zion Williamson,22.90000000000004,5.0,5.800000000000001,1.099999999999998,0.7000000000000013
Anthony Edwards,27.10799999999997,5.848,6.439999999999999,1.5039999999999998,0.7000000000000004
LaMelo Ball,20.099999999999962,7.600000000000014,6.700000000000005,1.599999999999997,0.39999999999999925
Rui Hachimura,12.524000000000006,0.8990000000000002,4.929000000000001,0.4289999999999996,0.30199999999999977
Tyrese Haliburton,17.325000000000014,7.881000000000008,4.4260000000000055,1.3879999999999992,0.6560000000000008
Keldon Johnson,18.615999999999993,2.4590000000000027,5.468000000000002,0.6910000000000004,0.22699999999999984
Saddiq Bey,13.727000000000015,1.5889999999999997,5.959,0.8199999999999988,0.19399999999999962
Hamidou Diallo,11.0,1.2999999999999983,4.800000000000008,1.200000000000002,0.3000000000000005
Immanuel Quickley,14.916000000000004,3.911999999999996,3.377000000000002,0.6980000000000008,0.0999999999999999
Jae'Sean Tate,6.102000000000008,1.4679999999999997,3.623999999999999,0.6780000000000004,0.27799999999999964
Wendell Carter Jr.,9.524000000000012,1.6900000000000015,7.391999999999992,0.674000000000001,0.626000000000001
Naz Reid,10.829000000000008,0.9940000000000001,3.934999999999996,0.505,0.8619999999999988
Isaac Okoro,5.982999999999997,1.1039999999999983,1.828000000000002,0.7910000000000003,0.32200000000000023
Patrick Williams,10.552000000000012,1.112000000000001,4.307999999999998,0.9220000000000009,0.8340000000000003
Desmond Bane,21.141999999999992,3.170999999999996,5.405,0.6309999999999998,0.15800000000000006
Talen Horton-Tucker,9.49,2.7509999999999994,2.893999999999997,1.0,0.3979999999999999
Cameron Payne,5.592000000000004,1.7770000000000012,1.3780000000000008,0.3239999999999997,0.5679999999999996
Tyrese Maxey,23.299000000000024,5.235999999999994,3.6319999999999952,0.94,0.42699999999999994
Kenrich Williams,5.425999999999997,1.5200000000000002,3.2420000000000004,0.6440000000000005,0.14399999999999985
Isaiah Stewart,8.299999999999988,1.200000000000002,8.700000000000015,0.3000000000000005,1.099999999999998
Payton Pritchard,6.3120000000000065,2.123999999999998,2.0379999999999994,0.2669999999999996,0.030000000000000013
Daniel Gafford,9.199000000000007,0.770000000000001,5.693,0.34099999999999997,1.5449999999999988
R.J. Hampton,7.600000000000014,2.5,3.0,0.7000000000000013,0.19999999999999962
Jaden McDaniels,11.288000000000016,1.1359999999999988,3.7940000000000027,0.8540000000000009,0.9779999999999985
Xavier Tillman,8.042000000000005,2.6889999999999965,7.0409999999999995,0.763000000000001,0.6160000000000008
Deni Avdija,8.754,2.4320000000000017,5.901999999999992,0.8140000000000006,0.4279999999999995
Facundo Campazzo,1.9859999999999998,1.5280000000000007,1.2119999999999982,0.36399999999999993,0.13600000000000007
Drew Eubanks,5.887000000000001,0.30000000000000004,2.383000000000004,0.6020000000000004,0.4339999999999996
Juan Toscano-Anderson,4.100000000000006,1.6999999999999986,2.400000000000004,0.7000000000000013,0.19999999999999962
Garrison Mathews,5.055999999999994,0.5480000000000005,1.4000000000000026,0.35200000000000015,0.09999999999999981
Devin Vassell,10.259999999999986,1.6000000000000028,3.8500000000000068,0.9799999999999995,0.5100000000000003
Jarred Vanderbilt,5.0780000000000065,0.882999999999999,4.554999999999993,0.8600000000000014,0.654999999999999
Jordan McLaughlin,4.7360000000000015,3.6020000000000043,1.9679999999999973,0.9780000000000004,0.1219999999999998
Precious Achiuwa,8.172000000000008,0.9009999999999995,5.3180000000000005,0.36700000000000005,0.6350000000000005
Caleb Martin,10.903000000000011,1.3960000000000008,3.764000000000001,0.6650000000000006,0.10800000000000001
Obi Toppin,9.185999999999991,1.249999999999998,3.673999999999995,0.4660000000000003,0.44999999999999996
Miye Oni,1.9000000000000035,0.5,1.599999999999997,0.19999999999999962,0.09999999999999981
Grayson Allen,12.789999999999996,2.601000000000001,3.599999999999996,0.8000000000000006,0.47100000000000053
Aaron Nesmith,10.517000000000017,1.321999999999999,3.752000000000006,0.8089999999999992,0.5540000000000004
Onyeka Okongwu,5.485999999999999,0.9060000000000012,5.732999999999999,0.4149999999999997,1.1249999999999984
Nic Claxton,11.779999999999982,1.993999999999998,9.45099999999999,0.6750000000000002,2.1619999999999977
Gabe Vincent,2.234000000000002,0.8869999999999998,1.3529999999999984,0.35899999999999965,0.026999999999999996
Anthony Gill,0.0,0.0,1.0,0.0,0.0
Cade Cunningham,22.70000000000001,7.5,4.300000000000008,0.9000000000000008,0.39999999999999925
Jalen Green,19.93999999999997,3.204999999999998,3.564999999999995,0.7549999999999999,0.24499999999999997
Cole Anthony,7.4920000000000115,1.9740000000000035,2.8080000000000007,0.6420000000000006,0.23600000000000027
Scottie Barnes,15.299999999999972,4.319000000000005,6.933000000000009,1.099999999999998,0.7629999999999997
Franz Wagner,17.91900000000002,3.3819999999999966,4.672000000000004,1.005,0.3379999999999994
Evan Mobley,15.802000000000003,2.3990000000000036,9.046999999999986,0.7999999999999985,2.0129999999999977
Davion Mitchell,6.778000000000011,2.1269999999999984,1.3629999999999987,0.7599999999999999,0.1559999999999998
Nickeil Alexander-Walker,7.984,2.048000000000002,2.042,0.6640000000000001,0.38999999999999985
Max Strus,9.893999999999998,2.6520000000000015,4.840000000000007,0.7419999999999988,0.11200000000000003
Tre Mann,10.399999999999986,1.5,2.9000000000000004,0.7999999999999985,0.19999999999999962
Bones Hyland,9.704000000000017,2.976000000000001,2.3919999999999977,0.42400000000000054,0.16800000000000018
Alperen Sengun,18.569999999999972,4.472000000000001,8.46399999999999,1.112000000000001,0.7440000000000012
Herbert Jones,12.194,2.4549999999999987,4.584000000000002,1.375,0.4549999999999995
Jonathan Kuminga,13.840999999999987,1.7949999999999997,4.253000000000006,0.5990000000000005,0.4279999999999998
Oshae Brissett,9.100000000000016,1.099999999999998,5.300000000000006,0.7000000000000013,0.39999999999999925
Amir Coffey,4.412000000000005,0.6899999999999987,2.0119999999999987,0.3780000000000001,0.19999999999999962
Moritz Wagner,7.495999999999989,0.5339999999999996,4.373999999999996,0.7960000000000004,0.37399999999999956
Chimezie Metu,8.899999999999984,1.0,5.60000000000001,0.9000000000000008,0.5
Ayo Dosunmu,11.056000000000006,3.1839999999999975,2.792000000000005,0.848,0.45599999999999974
KJ Martin,5.025999999999995,1.0040000000000007,2.615999999999998,0.39999999999999925,0.27799999999999964
Cam Thomas,22.5,2.9000000000000004,3.199999999999994,0.7000000000000013,0.19999999999999962
Jaylen Nowell,10.201999999999988,2.025999999999999,2.4439999999999973,0.5480000000000005,0.1259999999999998
Isaiah Hartenstein,8.015999999999998,2.989,7.430999999999992,0.5179999999999998,0.9440000000000004
Corey Kispert,10.462000000000014,1.1780000000000013,2.7780000000000036,0.4219999999999994,0.14399999999999985
Ziaire Williams,6.899999999999988,0.5,1.599999999999997,0.5,0.0
Josh Christopher,5.800000000000001,1.099999999999998,1.099999999999998,0.5,0.19999999999999962
Jordan Nwora,8.700000000000015,1.4000000000000026,3.699999999999993,0.39999999999999925,0.19999999999999962
Austin Reaves,16.392999999999986,3.9610000000000047,3.9350000000000045,1.1790000000000007,0.4940000000000006
Javonte Green,1.4000000000000026,0.39999999999999925,3.0,1.8000000000000016,0.0
Gary Payton II,6.7999999999999945,0.7999999999999985,3.699999999999993,0.7000000000000013,0.5
Killian Hayes,6.899999999999988,4.199999999999992,3.199999999999994,1.200000000000002,0.5
Lamar Stevens,6.100000000000011,0.7000000000000013,2.5999999999999965,0.5,0.3000000000000005
Tre Jones,11.105999999999995,5.768000000000004,3.2359999999999998,1.117999999999998,0.09999999999999981
Keita Bates-Diop,9.700000000000017,1.5,3.699999999999993,0.7000000000000013,0.3000000000000005
Trey Murphy III,9.453,1.7220000000000004,5.163999999999999,1.019999999999999,1.0549999999999997
John Konchar,4.866000000000008,1.4780000000000004,4.534000000000009,0.7100000000000003,0.3000000000000005
Josh Green,4.776000000000003,1.092000000000002,2.104000000000003,0.5960000000000004,0.12799999999999986
Jose Alvarado,8.39,2.085,1.6900000000000015,1.1610000000000007,0.19999999999999962
Paul Reed,2.383999999999999,0.4329999999999996,3.3459999999999956,0.34399999999999986,0.4889999999999998
Naji Marshall,7.12100000000001,1.9310000000000023,3.1060000000000008,0.605000000000001,0.19999999999999962
Malachi Flynn,0.0,0.5,0.5,0.19999999999999962,0.0
Paolo Banchero,26.031999999999993,4.307999999999998,8.226000000000008,1.055999999999999,0.600000000000001
Bennedict Mathurin,16.70000000000003,1.5,4.100000000000006,0.600000000000001,0.19999999999999962
Josh Giddey,10.43800000000002,3.0019999999999993,4.546000000000006,0.3319999999999998,0.39999999999999925
Jaden Ivey,15.40000000000002,3.800000000000007,3.3999999999999972,0.7000000000000013,0.5
Jalen Williams,16.599999999999973,3.900000000000004,4.25,1.2500000000000004,0.5500000000000005
Jabari Smith Jr.,13.700000000000024,1.599999999999997,8.100000000000014,0.7000000000000013,0.7999999999999985
Keegan Murray,13.990000000000025,1.4800000000000002,5.676000000000001,0.9119999999999999,0.6899999999999987
Quentin Grimes,11.29999999999998,2.099999999999996,3.199999999999994,0.7000000000000013,0.39999999999999925
Malaki Branham,10.200000000000019,1.9000000000000035,2.699999999999995,0.5,0.09999999999999981
Isaiah Joe,6.795999999999991,1.0659999999999996,2.2219999999999973,0.5220000000000001,0.06599999999999998
Andrew Nembhard,13.496000000000008,5.24,3.144000000000003,0.529999999999999,0.19999999999999962
Jalen Smith,9.399999999999984,1.0,5.800000000000001,0.3000000000000005,0.9000000000000008
Jalen McDaniels,9.399999999999984,1.599999999999997,4.300000000000008,1.0,0.39999999999999925
Walker Kessler,8.100000000000014,0.9000000000000008,7.5,0.5,2.400000000000004
Jalen Duren,9.100000000000016,1.099999999999998,8.899999999999984,0.7000000000000013,0.9000000000000008
Bol Bol,9.100000000000016,1.0,5.800000000000001,0.39999999999999925,1.200000000000002
Santi Aldama,9.608000000000013,2.0140000000000016,5.410000000000005,0.6480000000000008,0.6659999999999994
Nick Richards,8.200000000000012,0.600000000000001,6.399999999999988,0.19999999999999962,1.099999999999998
Ochai Agbaji,5.800000000000001,1.099999999999998,2.800000000000005,0.600000000000001,0.600000000000001
Trendon Watford,6.899999999999988,1.2999999999999983,3.1000000000000005,0.39999999999999925,0.3000000000000005
Isaiah Jackson,4.372000000000004,0.5659999999999998,3.375999999999995,0.2879999999999997,0.9220000000000009
Aaron Wiggins,6.382000000000001,1.0259999999999996,2.9919999999999964,0.626000000000001,0.27400000000000024
David Roddy,5.906000000000001,1.0900000000000019,3.111999999999996,0.31199999999999956,0.22199999999999975
Sam Hauser,4.926000000000005,0.6000000000000003,2.014999999999996,0.21699999999999978,0.1999999999999998
Jalen Johnson,4.300000000000008,1.2999999999999983,2.5,0.5,0.0
Moses Moody,7.242000000000007,0.8740000000000002,2.6619999999999986,0.5220000000000006,0.32199999999999973
Christian Braun,4.928000000000003,0.7919999999999986,2.603999999999998,0.2879999999999997,0.34399999999999964
Dyson Daniels,1.9500000000000028,0.5979999999999996,1.3500000000000016,0.7000000000000013,0.05200000000000002
JT Thor,3.199999999999994,0.5,2.300000000000004,0.19999999999999962,0.39999999999999925
Luke Kornet,3.800000000000007,0.7999999999999985,2.9000000000000004,0.19999999999999962,0.7000000000000013
Miles McBride,8.295,1.5780000000000012,1.698999999999999,0.5040000000000002,0.1659999999999997
Haywood Highsmith,4.410000000000007,1.2619999999999978,2.410000000000004,0.30399999999999977,0.17399999999999974
Chet Holmgren,15.59999999999998,2.099999999999996,7.200000000000006,0.7000000000000013,2.5
Jalen Suggs,12.599999999999996,2.699999999999995,3.1000000000000005,1.4000000000000026,0.600000000000001
Jaime Jaquez Jr.,12.799999999999976,3.0,3.300000000000006,0.7999999999999985,0.5
Sam Merrill,3.300000000000006,0.9000000000000008,1.200000000000002,0.0,0.0
Jordan Hawkins,7.79999999999999,1.0,2.199999999999996,0.3000000000000005,0.09999999999999981
Jaden Hardy,7.299999999999992,1.5,1.8000000000000016,0.3000000000000005,0.09999999999999981
Cason Wallace,6.7999999999999945,1.5,2.300000000000004,0.9000000000000008,0.5
Peyton Watson,6.700000000000005,1.099999999999998,3.199999999999994,0.5,1.099999999999998
Jaylin Williams,4.0,1.599999999999997,3.3999999999999972,0.39999999999999925,0.39999999999999925
