,PTS,AST,REB,STL,BLK
Russell Westbrook,24.64100000000001,7.667999999999996,7.583999999999998,1.3929999999999996,0.5990000000000003
James Harden,24.783999999999992,7.850999999999999,7.969999999999995,1.3989999999999996,0.6650000000000001
LeBron James,26.915999999999986,8.492999999999999,8.529000000000002,1.4080000000000015,0.7539999999999999
Anthony Davis,26.980999999999977,7.917999999999998,10.030999999999988,1.4989999999999992,1.0219999999999998
DeMarcus Cousins,24.32900000000001,7.659999999999999,7.762000000000001,1.3859999999999997,0.5840000000000001
Stephen Curry,25.225000000000026,7.846999999999998,7.713000000000001,1.4089999999999996,0.6300000000000003
LaMarcus Aldridge,24.868000000000006,7.341999999999995,8.27999999999999,1.339,0.7500000000000003
Blake Griffin,24.64100000000001,7.588999999999996,7.722999999999998,1.3759999999999994,0.6300000000000004
Kyrie Irving,24.32900000000001,7.659999999999999,7.762000000000001,1.3859999999999997,0.5840000000000001
Klay Thompson,24.64100000000001,7.588999999999996,7.722999999999998,1.3759999999999994,0.6300000000000004
Dwyane Wade,24.64100000000001,7.588999999999996,7.722999999999998,1.3759999999999994,0.6300000000000004
Rudy Gay,24.676000000000002,7.507999999999995,7.696999999999997,1.3839999999999995,0.6440000000000005
Damian Lillard,24.341000000000008,7.718,7.664000000000001,1.3969999999999996,0.56
DeMar DeRozan,24.700000000000003,7.477999999999995,7.750999999999996,1.3759999999999994,0.6600000000000006
Jimmy Butler,24.221000000000007,7.692999999999997,7.5070000000000014,1.4279999999999995,0.515
Nikola Vucevic,25.326999999999998,7.405999999999997,9.25699999999999,1.2649999999999992,0.9119999999999997
Gordon Hayward,24.32900000000001,7.659999999999999,7.762000000000001,1.3859999999999997,0.5840000000000001
Chris Paul,24.32100000000001,7.803,7.537000000000001,1.4129999999999994,0.525
Monta Ellis,24.32900000000001,7.659999999999999,7.762000000000001,1.3859999999999997,0.5840000000000001
Pau Gasol,24.32900000000001,7.659999999999999,7.762000000000001,1.3859999999999997,0.5840000000000001
Victor Oladipo,24.221000000000007,7.692999999999997,7.5070000000000014,1.4279999999999995,0.515
Kyle Lowry,24.676000000000002,7.543999999999994,7.612999999999999,1.395999999999999,0.6500000000000006
John Wall,25.895,8.350000000000001,7.792999999999999,1.4939999999999996,0.7110000000000002
Marc Gasol,24.789000000000005,7.507999999999994,7.825999999999997,1.3769999999999991,0.6940000000000004
Kemba Walker,24.32900000000001,7.659999999999999,7.762000000000001,1.3859999999999997,0.5840000000000001
Dirk Nowitzki,24.676000000000002,7.507999999999995,7.696999999999997,1.3839999999999995,0.6440000000000005
Brook Lopez,24.817000000000004,7.4009999999999945,8.137999999999995,1.360999999999999,0.7530000000000002
Tobias Harris,24.62500000000001,7.5559999999999965,7.859999999999997,1.3560000000000003,0.6160000000000002
Eric Bledsoe,24.32900000000001,7.659999999999999,7.762000000000001,1.3859999999999997,0.5840000000000001
Brandon Knight,24.21100000000001,7.590999999999997,7.428000000000002,1.4489999999999994,0.515
Andrew Wiggins,24.676000000000002,7.507999999999995,7.696999999999997,1.3839999999999995,0.6440000000000005
Paul Millsap,24.676000000000002,7.543999999999994,7.612999999999999,1.395999999999999,0.6500000000000006
Al Jefferson,24.32900000000001,7.659999999999999,7.762000000000001,1.3859999999999997,0.5840000000000001
Tyreke Evans,24.32900000000001,7.659999999999999,7.762000000000001,1.3859999999999997,0.5840000000000001
Kawhi Leonard,24.724000000000004,7.454999999999993,7.443999999999999,1.4529999999999987,0.6620000000000005
Isaiah Thomas,24.34100000000001,7.718,7.664000000000001,1.3969999999999996,0.5600000000000002
Kevin Love,24.32900000000001,7.659999999999999,7.762000000000001,1.3859999999999997,0.5840000000000001
JJ Redick,24.32900000000001,7.659999999999999,7.762000000000001,1.3859999999999997,0.5840000000000001
Goran Dragic,24.32900000000001,7.659999999999999,7.762000000000001,1.3859999999999997,0.5840000000000001
Zach Randolph,24.30900000000001,7.6659999999999995,7.774000000000001,1.3849999999999993,0.58
Derrick Favors,24.785000000000004,7.486999999999995,7.902999999999996,1.366999999999999,0.7120000000000004
Wesley Matthews,24.32900000000001,7.659999999999999,7.762000000000001,1.3859999999999997,0.5840000000000001
Jeff Teague,24.32900000000001,7.659999999999999,7.762000000000001,1.3859999999999997,0.5840000000000001
Greg Monroe,24.32900000000001,7.659999999999999,7.762000000000001,1.3859999999999997,0.5840000000000001
Mike Conley,24.21100000000001,7.590999999999997,7.428000000000002,1.4489999999999994,0.515
Jamal Crawford,24.32900000000001,7.659999999999999,7.762000000000001,1.3859999999999997,0.5840000000000001
Chandler Parsons,24.32900000000001,7.659999999999999,7.762000000000001,1.3859999999999997,0.5840000000000001
Lou Williams,24.32900000000001,7.659999999999999,7.762000000000001,1.3859999999999997,0.5840000000000001
Enes Freedom,24.32900000000001,7.659999999999999,7.762000000000001,1.3859999999999997,0.5840000000000001
Markieff Morris,24.32900000000001,7.659999999999999,7.762000000000001,1.3859999999999997,0.5840000000000001
Bradley Beal,24.32900000000001,7.659999999999999,7.762000000000001,1.3859999999999997,0.5840000000000001
Ty Lawson,24.32900000000001,7.659999999999999,7.762000000000001,1.3859999999999997,0.5840000000000001
Al Horford,24.765000000000004,7.438999999999994,8.040999999999993,1.348,0.6990000000000001
Jeff Green,24.32900000000001,7.659999999999999,7.762000000000001,1.3859999999999997,0.5840000000000001
Michael Carter-Williams,24.32900000000001,7.659999999999999,7.762000000000001,1.3859999999999997,0.5840000000000001
Reggie Jackson,24.32900000000001,7.659999999999999,7.762000000000001,1.3859999999999997,0.5840000000000001
Joe Johnson,24.32900000000001,7.659999999999999,7.762000000000001,1.3859999999999997,0.5840000000000001
Tony Parker,24.32900000000001,7.659999999999999,7.762000000000001,1.3859999999999997,0.5840000000000001
Serge Ibaka,25.021000000000008,7.732999999999999,8.50799999999999,1.3350000000000002,0.7749999999999999
Mo Williams,24.32900000000001,7.659999999999999,7.762000000000001,1.3859999999999997,0.5840000000000001
Thaddeus Young,24.32900000000001,7.659999999999999,7.762000000000001,1.3859999999999997,0.5840000000000001
Luol Deng,24.676000000000002,7.507999999999995,7.696999999999997,1.3839999999999995,0.6440000000000005
Wilson Chandler,24.64100000000001,7.588999999999996,7.722999999999998,1.3759999999999994,0.6300000000000004
Avery Bradley,24.32900000000001,7.659999999999999,7.762000000000001,1.3859999999999997,0.5840000000000001
Tim Duncan,24.817000000000004,7.4009999999999945,8.137999999999995,1.360999999999999,0.7530000000000002
Andre Drummond,25.195000000000007,7.5980000000000025,8.684999999999995,1.3349999999999995,0.8079999999999995
Ryan Anderson,24.32900000000001,7.659999999999999,7.762000000000001,1.3859999999999997,0.5840000000000001
Robert Covington,24.776000000000003,7.360999999999995,7.754999999999998,1.4339999999999988,0.7000000000000003
CJ Miles,24.32900000000001,7.659999999999999,7.762000000000001,1.3859999999999997,0.5840000000000001
Eric Gordon,24.641000000000005,7.597999999999995,7.461999999999998,1.4129999999999996,0.5750000000000004
Khris Middleton,25.07700000000001,7.540000000000001,8.84899999999999,1.3239999999999992,0.8449999999999995
Jared Sullinger,24.32900000000001,7.659999999999999,7.762000000000001,1.3859999999999997,0.5840000000000001
Arron Afflalo,24.32900000000001,7.659999999999999,7.762000000000001,1.3859999999999997,0.5840000000000001
Deron Williams,24.32900000000001,7.659999999999999,7.762000000000001,1.3859999999999997,0.5840000000000001
Trey Burke,24.32900000000001,7.659999999999999,7.762000000000001,1.3859999999999997,0.5840000000000001
Trevor Ariza,24.32900000000001,7.659999999999999,7.762000000000001,1.3859999999999997,0.5840000000000001
Kentavious Caldwell-Pope,24.21100000000001,7.590999999999997,7.428000000000002,1.4489999999999994,0.515
Giannis Antetokounmpo,29.122999999999962,8.296,10.586999999999984,1.5669999999999995,1.035999999999999
Rodney Stuckey,24.32900000000001,7.659999999999999,7.762000000000001,1.3859999999999997,0.5840000000000001
DeMarre Carroll,24.32900000000001,7.659999999999999,7.762000000000001,1.3859999999999997,0.5840000000000001
Kenneth Faried,24.783000000000005,7.551999999999996,7.819999999999994,1.3580000000000003,0.6500000000000006
Danilo Gallinari,24.32900000000001,7.659999999999999,7.762000000000001,1.3859999999999997,0.5840000000000001
Josh Smith,24.32900000000001,7.659999999999999,7.762000000000001,1.3859999999999997,0.5840000000000001
Marcin Gortat,24.32900000000001,7.659999999999999,7.762000000000001,1.3859999999999997,0.5840000000000001
Kyle Korver,24.32900000000001,7.659999999999999,7.762000000000001,1.3859999999999997,0.5840000000000001
Ben McLemore,24.32900000000001,7.659999999999999,7.762000000000001,1.3859999999999997,0.5840000000000001
Gerald Henderson,24.32900000000001,7.659999999999999,7.762000000000001,1.3859999999999997,0.5840000000000001
JR Smith,24.32900000000001,7.659999999999999,7.762000000000001,1.3859999999999997,0.5840000000000001
Donatas Motiejunas,24.32900000000001,7.659999999999999,7.762000000000001,1.3859999999999997,0.5840000000000001
Jonas Valanciunas,25.314999999999994,7.632000000000001,9.22299999999999,1.2979999999999996,0.8569999999999993
Evan Fournier,24.32900000000001,7.659999999999999,7.762000000000001,1.3859999999999997,0.5840000000000001
Jordan Hill,24.32900000000001,7.659999999999999,7.762000000000001,1.3859999999999997,0.5840000000000001
Jarrett Jack,24.32900000000001,7.659999999999999,7.762000000000001,1.3859999999999997,0.5840000000000001
Gerald Green,24.32900000000001,7.659999999999999,7.762000000000001,1.3859999999999997,0.5840000000000001
Jordan Clarkson,24.32900000000001,7.659999999999999,7.762000000000001,1.3859999999999997,0.5840000000000001
Paul Pierce,24.32900000000001,7.659999999999999,7.762000000000001,1.3859999999999997,0.5840000000000001
Carlos Boozer,24.30900000000001,7.629999999999998,7.8580000000000005,1.3730000000000002,0.574
Dion Waiters,24.32900000000001,7.659999999999999,7.762000000000001,1.3859999999999997,0.5840000000000001
Danny Green,24.32900000000001,7.659999999999999,7.762000000000001,1.3859999999999997,0.5840000000000001
Draymond Green,24.775000000000006,7.362999999999996,7.788999999999998,1.4080000000000001,0.6530000000000002
David West,24.676000000000002,7.507999999999995,7.696999999999997,1.3839999999999995,0.6440000000000005
Aaron Brooks,24.32900000000001,7.659999999999999,7.762000000000001,1.3859999999999997,0.5840000000000001
DeAndre Jordan,24.868000000000006,7.341999999999995,8.27999999999999,1.339,0.7500000000000003
Ersan Ilyasova,24.32900000000001,7.659999999999999,7.762000000000001,1.3859999999999997,0.5840000000000001
Amar'e Stoudemire,24.676000000000002,7.507999999999995,7.696999999999997,1.3839999999999995,0.6440000000000005
Tim Hardaway Jr.,24.32900000000001,7.659999999999999,7.762000000000001,1.3859999999999997,0.5840000000000001
Corey Brewer,24.789,7.5869999999999935,7.686999999999996,1.3939999999999992,0.6630000000000004
O.J. Mayo,24.309000000000005,7.744999999999999,7.635000000000002,1.4019999999999992,0.549
Jeremy Lin,24.32900000000001,7.659999999999999,7.762000000000001,1.3859999999999997,0.5840000000000001
Jodie Meeks,24.32900000000001,7.659999999999999,7.762000000000001,1.3859999999999997,0.5840000000000001
Nene,24.32900000000001,7.659999999999999,7.762000000000001,1.3859999999999997,0.5840000000000001
Anthony Morrow,24.32900000000001,7.659999999999999,7.762000000000001,1.3859999999999997,0.5840000000000001
Brandon Bass,24.789000000000005,7.507999999999994,7.825999999999997,1.3769999999999991,0.6940000000000004
Roy Hibbert,24.817000000000004,7.4009999999999945,8.137999999999995,1.360999999999999,0.7530000000000002
Manu Ginobili,24.21100000000001,7.590999999999997,7.428000000000002,1.4489999999999994,0.515
Marcus Morris Sr.,24.32900000000001,7.659999999999999,7.762000000000001,1.3859999999999997,0.5840000000000001
Marreese Speights,24.32900000000001,7.659999999999999,7.762000000000001,1.3859999999999997,0.5840000000000001
Taj Gibson,24.763000000000005,7.362999999999995,7.834999999999997,1.403,0.68
Tyson Chandler,25.16300000000001,7.7070000000000025,8.565999999999997,1.3379999999999996,0.7929999999999996
Kelly Olynyk,24.32900000000001,7.659999999999999,7.762000000000001,1.3859999999999997,0.5840000000000001
Mario Chalmers,24.309000000000005,7.744999999999999,7.635000000000002,1.4019999999999992,0.549
Nikola Mirotic,24.32900000000001,7.659999999999999,7.762000000000001,1.3859999999999997,0.5840000000000001
Tyler Zeller,24.32900000000001,7.659999999999999,7.762000000000001,1.3859999999999997,0.5840000000000001
Zach LaVine,24.757000000000016,7.5399999999999965,7.735999999999998,1.368999999999999,0.6590000000000003
Courtney Lee,24.32900000000001,7.659999999999999,7.762000000000001,1.3859999999999997,0.5840000000000001
Harrison Barnes,24.32900000000001,7.659999999999999,7.762000000000001,1.3859999999999997,0.5840000000000001
Matt Barnes,24.32900000000001,7.659999999999999,7.762000000000001,1.3859999999999997,0.5840000000000001
Wayne Ellington,24.32900000000001,7.659999999999999,7.762000000000001,1.3859999999999997,0.5840000000000001
Dennis Schroder,24.32900000000001,7.659999999999999,7.762000000000001,1.3859999999999997,0.5840000000000001
Nerlens Noel,24.676000000000002,7.507999999999995,7.696999999999997,1.3839999999999995,0.6440000000000005
Wesley Johnson,24.789000000000005,7.507999999999994,7.825999999999997,1.3769999999999991,0.6940000000000004
Luc Mbah a Moute,24.309000000000005,7.744999999999999,7.635000000000002,1.4019999999999992,0.549
Terrence Ross,24.32900000000001,7.659999999999999,7.762000000000001,1.3859999999999997,0.5840000000000001
Gorgui Dieng,24.785000000000004,7.486999999999995,7.902999999999996,1.366999999999999,0.7120000000000004
Timofey Mozgov,24.789000000000005,7.507999999999994,7.825999999999997,1.3769999999999991,0.6940000000000004
Robin Lopez,24.789000000000005,7.507999999999994,7.825999999999997,1.3769999999999991,0.6940000000000004
Evan Turner,24.32900000000001,7.659999999999999,7.762000000000001,1.3859999999999997,0.5840000000000001
D.J. Augustin,24.32900000000001,7.659999999999999,7.762000000000001,1.3859999999999997,0.5840000000000001
Greivis Vasquez,24.32900000000001,7.659999999999999,7.762000000000001,1.3859999999999997,0.5840000000000001
Mike Dunleavy,24.32900000000001,7.659999999999999,7.762000000000001,1.3859999999999997,0.5840000000000001
Luis Scola,24.32900000000001,7.659999999999999,7.762000000000001,1.3859999999999997,0.5840000000000001
Nicolas Batum,24.789000000000005,7.507999999999994,7.825999999999997,1.3769999999999991,0.6940000000000004
Amir Johnson,24.32900000000001,7.659999999999999,7.762000000000001,1.3859999999999997,0.5840000000000001
Marco Belinelli,24.32900000000001,7.659999999999999,7.762000000000001,1.3859999999999997,0.5840000000000001
P.J. Tucker,24.309000000000005,7.744999999999999,7.635000000000002,1.4019999999999992,0.549
Bojan Bogdanovic,24.32900000000001,7.659999999999999,7.762000000000001,1.3859999999999997,0.5840000000000001
Rajon Rondo,24.21100000000001,7.590999999999997,7.428000000000002,1.4489999999999994,0.515
Elfrid Payton,24.32900000000001,7.659999999999999,7.762000000000001,1.3859999999999997,0.5840000000000001
Solomon Hill,24.32900000000001,7.659999999999999,7.762000000000001,1.3859999999999997,0.5840000000000001
Omri Casspi,24.32900000000001,7.659999999999999,7.762000000000001,1.3859999999999997,0.5840000000000001
Hollis Thompson,24.32900000000001,7.659999999999999,7.762000000000001,1.3859999999999997,0.5840000000000001
Devin Harris,24.32900000000001,7.659999999999999,7.762000000000001,1.3859999999999997,0.5840000000000001
Mason Plumlee,24.32900000000001,7.659999999999999,7.762000000000001,1.3859999999999997,0.5840000000000001
Boris Diaw,24.32900000000001,7.659999999999999,7.762000000000001,1.3859999999999997,0.5840000000000001
Chris Kaman,24.676000000000002,7.543999999999994,7.612999999999999,1.395999999999999,0.6500000000000006
Tony Allen,24.123,7.632999999999997,7.366000000000003,1.4629999999999992,0.5089999999999999
Tristan Thompson,24.64100000000001,7.588999999999996,7.722999999999998,1.3759999999999994,0.6300000000000004
Rudy Gobert,25.155,7.234999999999998,9.357999999999988,1.2619999999999991,0.9609999999999994
Derrick Williams,24.32900000000001,7.659999999999999,7.762000000000001,1.3859999999999997,0.5840000000000001
Ed Davis,24.89400000000001,7.848000000000005,8.492999999999997,1.3449999999999995,0.7379999999999995
Jameer Nelson,24.32900000000001,7.659999999999999,7.762000000000001,1.3859999999999997,0.5840000000000001
Zaza Pachulia,24.32900000000001,7.659999999999999,7.762000000000001,1.3859999999999997,0.5840000000000001
Lance Stephenson,24.32900000000001,7.659999999999999,7.762000000000001,1.3859999999999997,0.5840000000000001
Henry Sims,24.32900000000001,7.659999999999999,7.762000000000001,1.3859999999999997,0.5840000000000001
Iman Shumpert,24.32900000000001,7.659999999999999,7.762000000000001,1.3859999999999997,0.5840000000000001
Jason Smith,24.64100000000001,7.588999999999996,7.722999999999998,1.3759999999999994,0.6300000000000004
Patrick Patterson,24.32900000000001,7.659999999999999,7.762000000000001,1.3859999999999997,0.5840000000000001
Kris Humphries,24.32900000000001,7.659999999999999,7.762000000000001,1.3859999999999997,0.5840000000000001
James Johnson,24.64100000000001,7.588999999999996,7.722999999999998,1.3759999999999994,0.6300000000000004
KJ McDaniels,24.789000000000005,7.507999999999994,7.825999999999997,1.3769999999999991,0.6940000000000004
Andre Iguodala,24.64100000000001,7.588999999999996,7.722999999999998,1.3759999999999994,0.6300000000000004
Marcus Smart,24.221000000000007,7.692999999999997,7.5070000000000014,1.4279999999999995,0.515
Mike Scott,24.32900000000001,7.659999999999999,7.762000000000001,1.3859999999999997,0.5840000000000001
Jerryd Bayless,24.32900000000001,7.659999999999999,7.762000000000001,1.3859999999999997,0.5840000000000001
Rasual Butler,24.32900000000001,7.659999999999999,7.762000000000001,1.3859999999999997,0.5840000000000001
Steven Adams,25.132,7.333999999999998,9.07899999999999,1.2809999999999995,0.9039999999999996
Jae Crowder,24.32900000000001,7.659999999999999,7.762000000000001,1.3859999999999997,0.5840000000000001
Beno Udrih,24.32900000000001,7.659999999999999,7.762000000000001,1.3859999999999997,0.5840000000000001
Norris Cole,24.32900000000001,7.659999999999999,7.762000000000001,1.3859999999999997,0.5840000000000001
Cody Zeller,24.32900000000001,7.659999999999999,7.762000000000001,1.3859999999999997,0.5840000000000001
JJ Hickson,24.64100000000001,7.588999999999996,7.722999999999998,1.3759999999999994,0.6300000000000004
J.J. Barea,24.32900000000001,7.659999999999999,7.762000000000001,1.3859999999999997,0.5840000000000001
Tayshaun Prince,24.32900000000001,7.659999999999999,7.762000000000001,1.3859999999999997,0.5840000000000001
Marvin Williams,24.32900000000001,7.659999999999999,7.762000000000001,1.3859999999999997,0.5840000000000001
Ray McCallum,24.32900000000001,7.659999999999999,7.762000000000001,1.3859999999999997,0.5840000000000001
Alan Anderson,24.32900000000001,7.659999999999999,7.762000000000001,1.3859999999999997,0.5840000000000001
Omer Asik,24.32900000000001,7.659999999999999,7.762000000000001,1.3859999999999997,0.5840000000000001
Channing Frye,24.64100000000001,7.588999999999996,7.722999999999998,1.3759999999999994,0.6300000000000004
Brandan Wright,24.817000000000004,7.4009999999999945,8.137999999999995,1.360999999999999,0.7530000000000002
Joakim Noah,25.612999999999992,7.34,9.574999999999987,1.3699999999999994,1.000999999999999
Jared Dudley,24.32900000000001,7.659999999999999,7.762000000000001,1.3859999999999997,0.5840000000000001
Carl Landry,24.32900000000001,7.659999999999999,7.762000000000001,1.3859999999999997,0.5840000000000001
Trevor Booker,24.32900000000001,7.659999999999999,7.762000000000001,1.3859999999999997,0.5840000000000001
Quincy Pondexter,24.32900000000001,7.659999999999999,7.762000000000001,1.3859999999999997,0.5840000000000001
Lance Thomas,24.32900000000001,7.659999999999999,7.762000000000001,1.3859999999999997,0.5840000000000001
Leandro Barbosa,24.32900000000001,7.659999999999999,7.762000000000001,1.3859999999999997,0.5840000000000001
Jason Terry,24.32900000000001,7.659999999999999,7.762000000000001,1.3859999999999997,0.5840000000000001
John Henson,24.797000000000004,7.358999999999994,8.261999999999992,1.3439999999999999,0.7410000000000001
Austin Rivers,24.32900000000001,7.659999999999999,7.762000000000001,1.3859999999999997,0.5840000000000001
Jusuf Nurkic,25.25,7.5680000000000005,8.531999999999996,1.4299999999999997,0.8169999999999996
Will Barton,24.32900000000001,7.659999999999999,7.762000000000001,1.3859999999999997,0.5840000000000001
CJ McCollum,24.852000000000004,7.500999999999993,7.422,1.4709999999999988,0.6520000000000005
Chase Budinger,24.32900000000001,7.659999999999999,7.762000000000001,1.3859999999999997,0.5840000000000001
Cory Joseph,24.32900000000001,7.659999999999999,7.762000000000001,1.3859999999999997,0.5840000000000001
Brian Roberts,24.32900000000001,7.659999999999999,7.762000000000001,1.3859999999999997,0.5840000000000001
Darrell Arthur,24.676000000000002,7.543999999999994,7.612999999999999,1.395999999999999,0.6500000000000006
Aron Baynes,24.32900000000001,7.659999999999999,7.762000000000001,1.3859999999999997,0.5840000000000001
Kevin Seraphin,24.64100000000001,7.588999999999996,7.722999999999998,1.3759999999999994,0.6300000000000004
Alexis Ajinca,24.676000000000002,7.507999999999995,7.696999999999997,1.3839999999999995,0.6440000000000005
Anthony Tolliver,24.32900000000001,7.659999999999999,7.762000000000001,1.3859999999999997,0.5840000000000001
Jerami Grant,24.789000000000005,7.507999999999994,7.825999999999997,1.3769999999999991,0.6940000000000004
Andrew Bogut,24.32900000000001,7.659999999999999,7.762000000000001,1.3859999999999997,0.5840000000000001
Charlie Villanueva,24.32900000000001,7.659999999999999,7.762000000000001,1.3859999999999997,0.5840000000000001
Ramon Sessions,24.32900000000001,7.659999999999999,7.762000000000001,1.3859999999999997,0.5840000000000001
Alex Len,24.32900000000001,7.659999999999999,7.762000000000001,1.3859999999999997,0.5840000000000001
Shane Larkin,24.309000000000005,7.744999999999999,7.635000000000002,1.4019999999999992,0.549
Jason Thompson,24.676000000000002,7.543999999999994,7.612999999999999,1.395999999999999,0.6500000000000006
Tony Snell,24.32900000000001,7.659999999999999,7.762000000000001,1.3859999999999997,0.5840000000000001
Tarik Black,24.676000000000002,7.543999999999994,7.612999999999999,1.395999999999999,0.6500000000000006
Otto Porter Jr.,24.32900000000001,7.659999999999999,7.762000000000001,1.3859999999999997,0.5840000000000001
Kyle Singler,24.32900000000001,7.659999999999999,7.762000000000001,1.3859999999999997,0.5840000000000001
Jonas Jerebko,24.32900000000001,7.659999999999999,7.762000000000001,1.3859999999999997,0.5840000000000001
Shaun Livingston,24.32900000000001,7.659999999999999,7.762000000000001,1.3859999999999997,0.5840000000000001
Caron Butler,24.32900000000001,7.659999999999999,7.762000000000001,1.3859999999999997,0.5840000000000001
Quincy Acy,24.32900000000001,7.659999999999999,7.762000000000001,1.3859999999999997,0.5840000000000001
Richard Jefferson,24.32900000000001,7.659999999999999,7.762000000000001,1.3859999999999997,0.5840000000000001
Spencer Hawes,24.32900000000001,7.659999999999999,7.762000000000001,1.3859999999999997,0.5840000000000001
Vince Carter,24.32900000000001,7.659999999999999,7.762000000000001,1.3859999999999997,0.5840000000000001
Kirk Hinrich,24.32900000000001,7.659999999999999,7.762000000000001,1.3859999999999997,0.5840000000000001
Pero Antic,24.32900000000001,7.659999999999999,7.762000000000001,1.3859999999999997,0.5840000000000001
Al-Farouq Aminu,24.676000000000002,7.507999999999995,7.696999999999997,1.3839999999999995,0.6440000000000005
Cole Aldrich,24.32900000000001,7.659999999999999,7.762000000000001,1.3859999999999997,0.5840000000000001
Shawne Williams,24.32900000000001,7.659999999999999,7.762000000000001,1.3859999999999997,0.5840000000000001
Chris Andersen,25.027000000000015,7.873999999999999,8.196999999999994,1.3130000000000006,0.6970000000000002
JaKarr Sampson,24.32900000000001,7.659999999999999,7.762000000000001,1.3859999999999997,0.5840000000000001
Kent Bazemore,24.64100000000001,7.588999999999996,7.722999999999998,1.3759999999999994,0.6300000000000004
Kosta Koufos,24.64100000000001,7.588999999999996,7.722999999999998,1.3759999999999994,0.6300000000000004
Dante Cunningham,24.32900000000001,7.659999999999999,7.762000000000001,1.3859999999999997,0.5840000000000001
James Ennis III,24.32900000000001,7.659999999999999,7.762000000000001,1.3859999999999997,0.5840000000000001
Joe Ingles,24.32900000000001,7.659999999999999,7.762000000000001,1.3859999999999997,0.5840000000000001
Lavoy Allen,24.32900000000001,7.659999999999999,7.762000000000001,1.3859999999999997,0.5840000000000001
Dante Exum,24.32900000000001,7.659999999999999,7.762000000000001,1.3859999999999997,0.5840000000000001
Matthew Dellavedova,24.32900000000001,7.659999999999999,7.762000000000001,1.3859999999999997,0.5840000000000001
Bismack Biyombo,24.817000000000004,7.4009999999999945,8.137999999999995,1.360999999999999,0.7530000000000002
Damjan Rudez,24.32900000000001,7.659999999999999,7.762000000000001,1.3859999999999997,0.5840000000000001
Robert Sacre,24.676000000000002,7.507999999999995,7.696999999999997,1.3839999999999995,0.6440000000000005
Jon Leuer,24.32900000000001,7.659999999999999,7.762000000000001,1.3859999999999997,0.5840000000000001
Andre Miller,24.32900000000001,7.659999999999999,7.762000000000001,1.3859999999999997,0.5840000000000001
Nik Stauskas,24.32900000000001,7.659999999999999,7.762000000000001,1.3859999999999997,0.5840000000000001
Ian Mahinmi,24.789000000000005,7.507999999999994,7.825999999999997,1.3769999999999991,0.6940000000000004
Steve Blake,24.32900000000001,7.659999999999999,7.762000000000001,1.3859999999999997,0.5840000000000001
Justin Holiday,24.32900000000001,7.659999999999999,7.762000000000001,1.3859999999999997,0.5840000000000001
Udonis Haslem,24.32900000000001,7.659999999999999,7.762000000000001,1.3859999999999997,0.5840000000000001
Nick Calathes,24.32900000000001,7.659999999999999,7.762000000000001,1.3859999999999997,0.5840000000000001
Nick Collison,24.32900000000001,7.659999999999999,7.762000000000001,1.3859999999999997,0.5840000000000001
Pablo Prigioni,24.32900000000001,7.659999999999999,7.762000000000001,1.3859999999999997,0.5840000000000001
Luke Babbitt,24.32900000000001,7.659999999999999,7.762000000000001,1.3859999999999997,0.5840000000000001
Miles Plumlee,24.789000000000005,7.507999999999994,7.825999999999997,1.3769999999999991,0.6940000000000004
Glen Davis,24.32900000000001,7.659999999999999,7.762000000000001,1.3859999999999997,0.5840000000000001
Hedo Turkoglu,24.32900000000001,7.659999999999999,7.762000000000001,1.3859999999999997,0.5840000000000001
Matt Bonner,24.32900000000001,7.659999999999999,7.762000000000001,1.3859999999999997,0.5840000000000001
Dewayne Dedmon,24.32900000000001,7.659999999999999,7.762000000000001,1.3859999999999997,0.5840000000000001
Tyler Hansbrough,24.32900000000001,7.659999999999999,7.762000000000001,1.3859999999999997,0.5840000000000001
Kendrick Perkins,24.676000000000002,7.507999999999995,7.696999999999997,1.3839999999999995,0.6440000000000005
Andre Roberson,24.900000000000006,7.415999999999994,7.7399999999999975,1.4519999999999988,0.7130000000000004
Jason Maxiell,24.676000000000002,7.543999999999994,7.612999999999999,1.395999999999999,0.6500000000000006
Joey Dorsey,24.32900000000001,7.659999999999999,7.762000000000001,1.3859999999999997,0.5840000000000001
Derrick Rose,24.32900000000001,7.659999999999999,7.762000000000001,1.3859999999999997,0.5840000000000001
Dwight Howard,24.676000000000002,7.507999999999995,7.696999999999997,1.3839999999999995,0.6440000000000005
Terrence Jones,24.676000000000002,7.543999999999994,7.612999999999999,1.395999999999999,0.6500000000000006
Patty Mills,24.32900000000001,7.659999999999999,7.762000000000001,1.3859999999999997,0.5840000000000001
Meyers Leonard,24.32900000000001,7.659999999999999,7.762000000000001,1.3859999999999997,0.5840000000000001
Drew Gooden,24.844,7.420999999999995,8.123999999999995,1.341999999999999,0.7460000000000003
Jrue Holiday,24.676000000000002,7.586999999999994,7.557999999999997,1.4009999999999996,0.6130000000000004
James Jones,24.32900000000001,7.659999999999999,7.762000000000001,1.3859999999999997,0.5840000000000001
Festus Ezeli,24.32900000000001,7.659999999999999,7.762000000000001,1.3859999999999997,0.5840000000000001
Tiago Splitter,24.32900000000001,7.659999999999999,7.762000000000001,1.3859999999999997,0.5840000000000001
Clint Capela,25.612999999999992,7.34,9.574999999999987,1.3699999999999994,1.000999999999999
Gigi Datome,24.32900000000001,7.659999999999999,7.762000000000001,1.3859999999999997,0.5840000000000001
Dahntay Jones,24.32900000000001,7.659999999999999,7.762000000000001,1.3859999999999997,0.5840000000000001
Kevin Durant,25.665000000000013,7.694999999999998,8.070999999999998,1.4639999999999989,0.7890000000000001
Paul George,24.62500000000001,7.628999999999996,7.734999999999997,1.3710000000000002,0.5840000000000002
Carmelo Anthony,24.789000000000005,7.507999999999994,7.825999999999997,1.3769999999999991,0.6940000000000004
Karl-Anthony Towns,24.953000000000007,7.759000000000004,8.655999999999995,1.3389999999999993,0.7719999999999994
Kobe Bryant,24.32900000000001,7.659999999999999,7.762000000000001,1.3859999999999997,0.5840000000000001
Rodney Hood,24.32900000000001,7.659999999999999,7.762000000000001,1.3859999999999997,0.5840000000000001
Kristaps Porzingis,25.204,7.559000000000001,8.871999999999993,1.3339999999999994,0.8649999999999994
Hassan Whiteside,24.817000000000004,7.4009999999999945,8.137999999999995,1.360999999999999,0.7530000000000002
Jabari Parker,24.789000000000005,7.507999999999994,7.825999999999997,1.3769999999999991,0.6940000000000004
Darren Collison,24.32900000000001,7.659999999999999,7.762000000000001,1.3859999999999997,0.5840000000000001
Devin Booker,25.954000000000015,7.954999999999997,7.585000000000003,1.507,0.6770000000000003
D'Angelo Russell,24.32900000000001,7.659999999999999,7.762000000000001,1.3859999999999997,0.5840000000000001
Emmanuel Mudiay,24.32900000000001,7.659999999999999,7.762000000000001,1.3859999999999997,0.5840000000000001
Ish Smith,24.32900000000001,7.659999999999999,7.762000000000001,1.3859999999999997,0.5840000000000001
Gary Harris,24.64100000000001,7.667999999999996,7.583999999999998,1.3929999999999996,0.5990000000000003
Mirza Teletovic,24.32900000000001,7.659999999999999,7.762000000000001,1.3859999999999997,0.5840000000000001
George Hill,24.32900000000001,7.659999999999999,7.762000000000001,1.3859999999999997,0.5840000000000001
Julius Randle,24.84000000000001,7.8540000000000045,8.375999999999996,1.3259999999999996,0.7009999999999998
Isaiah Canaan,24.32900000000001,7.659999999999999,7.762000000000001,1.3859999999999997,0.5840000000000001
Shabazz Muhammad,24.32900000000001,7.659999999999999,7.762000000000001,1.3859999999999997,0.5840000000000001
Myles Turner,24.817000000000004,7.4009999999999945,8.137999999999995,1.360999999999999,0.7530000000000002
Allen Crabbe,24.64100000000001,7.588999999999996,7.722999999999998,1.3759999999999994,0.6300000000000004
Ricky Rubio,24.21100000000001,7.590999999999997,7.428000000000002,1.4489999999999994,0.515
Nikola Jokic,27.671999999999972,8.545999999999996,9.923999999999989,1.394000000000001,0.9020000000000006
Patrick Beverley,24.676000000000002,7.543999999999994,7.612999999999999,1.395999999999999,0.6500000000000006
Marcus Thornton,24.32900000000001,7.659999999999999,7.762000000000001,1.3859999999999997,0.5840000000000001
Raymond Felton,24.32900000000001,7.659999999999999,7.762000000000001,1.3859999999999997,0.5840000000000001
Doug McDermott,24.32900000000001,7.659999999999999,7.762000000000001,1.3859999999999997,0.5840000000000001
Aaron Gordon,24.747000000000007,7.430999999999996,7.854999999999994,1.3590000000000004,0.6430000000000006
Jeremy Lamb,24.32900000000001,7.659999999999999,7.762000000000001,1.3859999999999997,0.5840000000000001
Toney Douglas,24.32900000000001,7.659999999999999,7.762000000000001,1.3859999999999997,0.5840000000000001
Stanley Johnson,24.32900000000001,7.659999999999999,7.762000000000001,1.3859999999999997,0.5840000000000001
Joffrey Lauvergne,24.32900000000001,7.659999999999999,7.762000000000001,1.3859999999999997,0.5840000000000001
Langston Galloway,24.32900000000001,7.659999999999999,7.762000000000001,1.3859999999999997,0.5840000000000001
Jose Calderon,24.32900000000001,7.659999999999999,7.762000000000001,1.3859999999999997,0.5840000000000001
E'Twaun Moore,24.32900000000001,7.659999999999999,7.762000000000001,1.3859999999999997,0.5840000000000001
Frank Kaminsky,24.32900000000001,7.659999999999999,7.762000000000001,1.3859999999999997,0.5840000000000001
JaMychal Green,24.32900000000001,7.659999999999999,7.762000000000001,1.3859999999999997,0.5840000000000001
Garrett Temple,24.32900000000001,7.659999999999999,7.762000000000001,1.3859999999999997,0.5840000000000001
Bobby Portis,25.339999999999996,7.629000000000001,9.227999999999989,1.3029999999999995,0.8589999999999993
Willie Cauley-Stein,24.676000000000002,7.543999999999994,7.612999999999999,1.395999999999999,0.6500000000000006
Donald Sloan,24.32900000000001,7.659999999999999,7.762000000000001,1.3859999999999997,0.5840000000000001
Justise Winslow,24.32900000000001,7.659999999999999,7.762000000000001,1.3859999999999997,0.5840000000000001
Thabo Sefolosha,24.32900000000001,7.659999999999999,7.762000000000001,1.3859999999999997,0.5840000000000001
Maurice Harkless,24.64100000000001,7.588999999999996,7.722999999999998,1.3759999999999994,0.6300000000000004
PJ Hairston,24.32900000000001,7.659999999999999,7.762000000000001,1.3859999999999997,0.5840000000000001
Trey Lyles,24.32900000000001,7.659999999999999,7.762000000000001,1.3859999999999997,0.5840000000000001
T.J. McConnell,24.32900000000001,7.659999999999999,7.762000000000001,1.3859999999999997,0.5840000000000001
Mario Hezonja,24.32900000000001,7.659999999999999,7.762000000000001,1.3859999999999997,0.5840000000000001
Raul Neto,24.32900000000001,7.659999999999999,7.762000000000001,1.3859999999999997,0.5840000000000001
Markel Brown,24.32900000000001,7.659999999999999,7.762000000000001,1.3859999999999997,0.5840000000000001
Randy Foye,24.32900000000001,7.659999999999999,7.762000000000001,1.3859999999999997,0.5840000000000001
Dwight Powell,24.32900000000001,7.659999999999999,7.762000000000001,1.3859999999999997,0.5840000000000001
Jerian Grant,24.32900000000001,7.659999999999999,7.762000000000001,1.3859999999999997,0.5840000000000001
Larry Nance Jr.,24.84000000000001,7.8540000000000045,8.375999999999996,1.3259999999999996,0.7009999999999998
Ronnie Price,24.309000000000005,7.744999999999999,7.635000000000002,1.4019999999999992,0.549
Nemanja Bjelica,24.32900000000001,7.659999999999999,7.762000000000001,1.3859999999999997,0.5840000000000001
Sasha Vujacic,24.32900000000001,7.659999999999999,7.762000000000001,1.3859999999999997,0.5840000000000001
Kyle O'Quinn,24.817000000000004,7.4009999999999945,8.137999999999995,1.360999999999999,0.7530000000000002
Kyle Anderson,24.32900000000001,7.659999999999999,7.762000000000001,1.3859999999999997,0.5840000000000001
Alonzo Gee,24.32900000000001,7.659999999999999,7.762000000000001,1.3859999999999997,0.5840000000000001
Thomas Robinson,24.64100000000001,7.588999999999996,7.722999999999998,1.3759999999999994,0.6300000000000004
Brandon Rush,24.32900000000001,7.659999999999999,7.762000000000001,1.3859999999999997,0.5840000000000001
Kelly Oubre Jr.,24.900000000000006,7.415999999999994,7.7399999999999975,1.4519999999999988,0.7130000000000004
Noah Vonleh,25.027000000000015,7.873999999999999,8.196999999999994,1.3130000000000006,0.6970000000000002
Ian Clark,24.32900000000001,7.659999999999999,7.762000000000001,1.3859999999999997,0.5840000000000001
Mike Muscala,24.32900000000001,7.659999999999999,7.762000000000001,1.3859999999999997,0.5840000000000001
Rashad Vaughn,24.32900000000001,7.659999999999999,7.762000000000001,1.3859999999999997,0.5840000000000001
Johnny O'Bryant III,24.32900000000001,7.659999999999999,7.762000000000001,1.3859999999999997,0.5840000000000001
Chris Johnson,24.32900000000001,7.659999999999999,7.762000000000001,1.3859999999999997,0.5840000000000001
Michael Beasley,24.676000000000002,7.507999999999995,7.696999999999997,1.3839999999999995,0.6440000000000005
Justin Anderson,24.32900000000001,7.659999999999999,7.762000000000001,1.3859999999999997,0.5840000000000001
Jordan Farmar,24.32900000000001,7.659999999999999,7.762000000000001,1.3859999999999997,0.5840000000000001
Josh Richardson,24.32900000000001,7.659999999999999,7.762000000000001,1.3859999999999997,0.5840000000000001
Terry Rozier,24.32900000000001,7.659999999999999,7.762000000000001,1.3859999999999997,0.5840000000000001
Salah Mejri,24.817000000000004,7.4009999999999945,8.137999999999995,1.360999999999999,0.7530000000000002
Xavier Munford,24.728000000000005,7.445999999999994,7.436999999999999,1.452999999999999,0.6390000000000005
Josh McRoberts,24.64100000000001,7.588999999999996,7.722999999999998,1.3759999999999994,0.6300000000000004
Norman Powell,24.32900000000001,7.659999999999999,7.762000000000001,1.3859999999999997,0.5840000000000001
Anderson Varejao,24.32900000000001,7.659999999999999,7.762000000000001,1.3859999999999997,0.5840000000000001
RJ Hunter,24.32900000000001,7.659999999999999,7.762000000000001,1.3859999999999997,0.5840000000000001
T.J. Warren,24.259000000000004,7.642999999999997,7.448000000000003,1.4669999999999996,0.5249999999999999
Tyler Johnson,24.32900000000001,7.659999999999999,7.762000000000001,1.3859999999999997,0.5840000000000001
Nick Young,24.32900000000001,7.659999999999999,7.762000000000001,1.3859999999999997,0.5840000000000001
Sean Kilpatrick,24.32900000000001,7.659999999999999,7.762000000000001,1.3859999999999997,0.5840000000000001
Dario Saric,24.32900000000001,7.659999999999999,7.762000000000001,1.3859999999999997,0.5840000000000001
Seth Curry,24.32900000000001,7.659999999999999,7.762000000000001,1.3859999999999997,0.5840000000000001
Buddy Hield,24.64100000000001,7.588999999999996,7.722999999999998,1.3759999999999994,0.6300000000000004
Malcolm Brogdon,24.32900000000001,7.659999999999999,7.762000000000001,1.3859999999999997,0.5840000000000001
Jamal Murray,24.64100000000001,7.588999999999996,7.722999999999998,1.3759999999999994,0.6300000000000004
Brandon Ingram,24.817000000000004,7.4009999999999945,8.137999999999995,1.360999999999999,0.7530000000000002
Marquese Chriss,24.817000000000004,7.4009999999999945,8.137999999999995,1.360999999999999,0.7530000000000002
Michael Kidd-Gilchrist,24.32900000000001,7.659999999999999,7.762000000000001,1.3859999999999997,0.5840000000000001
Montrezl Harrell,24.676000000000002,7.507999999999995,7.696999999999997,1.3839999999999995,0.6440000000000005
Rondae Hollis-Jefferson,24.32900000000001,7.659999999999999,7.762000000000001,1.3859999999999997,0.5840000000000001
Troy Daniels,24.32900000000001,7.659999999999999,7.762000000000001,1.3859999999999997,0.5840000000000001
Willy Hernangomez,24.32900000000001,7.659999999999999,7.762000000000001,1.3859999999999997,0.5840000000000001
Sergio Rodriguez,24.32900000000001,7.659999999999999,7.762000000000001,1.3859999999999997,0.5840000000000001
Isaiah Whitehead,24.64100000000001,7.588999999999996,7.722999999999998,1.3759999999999994,0.6300000000000004
Spencer Dinwiddie,24.32900000000001,7.659999999999999,7.762000000000001,1.3859999999999997,0.5840000000000001
David Lee,24.32900000000001,7.659999999999999,7.762000000000001,1.3859999999999997,0.5840000000000001
Tyler Ulis,24.32900000000001,7.659999999999999,7.762000000000001,1.3859999999999997,0.5840000000000001
Tim Frazier,24.32900000000001,7.659999999999999,7.762000000000001,1.3859999999999997,0.5840000000000001
Brandon Jennings,24.32900000000001,7.659999999999999,7.762000000000001,1.3859999999999997,0.5840000000000001
Justin Hamilton,24.676000000000002,7.543999999999994,7.612999999999999,1.395999999999999,0.6500000000000006
Jaylen Brown,24.700000000000003,7.592999999999995,7.527999999999997,1.4049999999999991,0.6350000000000006
Sam Dekker,24.32900000000001,7.659999999999999,7.762000000000001,1.3859999999999997,0.5840000000000001
Timothe Luwawu-Cabarrot,24.32900000000001,7.659999999999999,7.762000000000001,1.3859999999999997,0.5840000000000001
Rodney McGruder,24.32900000000001,7.659999999999999,7.762000000000001,1.3859999999999997,0.5840000000000001
Mindaugas Kuzminskas,24.32900000000001,7.659999999999999,7.762000000000001,1.3859999999999997,0.5840000000000001
Jonathon Simmons,24.32900000000001,7.659999999999999,7.762000000000001,1.3859999999999997,0.5840000000000001
JaVale McGee,24.32900000000001,7.659999999999999,7.762000000000001,1.3859999999999997,0.5840000000000001
Glenn Robinson III,24.32900000000001,7.659999999999999,7.762000000000001,1.3859999999999997,0.5840000000000001
Alex Abrines,24.32900000000001,7.659999999999999,7.762000000000001,1.3859999999999997,0.5840000000000001
Domantas Sabonis,25.69899999999999,7.944000000000001,9.087999999999992,1.3459999999999999,0.8099999999999998
Andrew Harrison,24.32900000000001,7.659999999999999,7.762000000000001,1.3859999999999997,0.5840000000000001
Taurean Prince,24.32900000000001,7.659999999999999,7.762000000000001,1.3859999999999997,0.5840000000000001
Malcolm Delaney,24.32900000000001,7.659999999999999,7.762000000000001,1.3859999999999997,0.5840000000000001
Willie Reed,24.676000000000002,7.543999999999994,7.612999999999999,1.395999999999999,0.6500000000000006
Juancho Hernangomez,24.32900000000001,7.659999999999999,7.762000000000001,1.3859999999999997,0.5840000000000001
Cristiano Felicio,24.32900000000001,7.659999999999999,7.762000000000001,1.3859999999999997,0.5840000000000001
C.J. Watson,24.32900000000001,7.659999999999999,7.762000000000001,1.3859999999999997,0.5840000000000001
Davis Bertans,24.32900000000001,7.659999999999999,7.762000000000001,1.3859999999999997,0.5840000000000001
Dorian Finney-Smith,24.676000000000002,7.507999999999995,7.696999999999997,1.3839999999999995,0.6440000000000005
Patrick McCaw,24.32900000000001,7.659999999999999,7.762000000000001,1.3859999999999997,0.5840000000000001
Kris Dunn,24.32900000000001,7.659999999999999,7.762000000000001,1.3859999999999997,0.5840000000000001
Tyus Jones,24.309000000000005,7.783999999999999,7.568000000000001,1.4099999999999997,0.536
Semaj Christon,24.32900000000001,7.659999999999999,7.762000000000001,1.3859999999999997,0.5840000000000001
DeAndre Liggins,24.32900000000001,7.659999999999999,7.762000000000001,1.3859999999999997,0.5840000000000001
Paul Zipser,24.32900000000001,7.659999999999999,7.762000000000001,1.3859999999999997,0.5840000000000001
Shabazz Napier,24.309000000000005,7.744999999999999,7.635000000000002,1.4019999999999992,0.549
Shelvin Mack,24.32900000000001,7.659999999999999,7.762000000000001,1.3859999999999997,0.5840000000000001
Thon Maker,24.676000000000002,7.543999999999994,7.612999999999999,1.395999999999999,0.6500000000000006
Wayne Selden,24.32900000000001,7.659999999999999,7.762000000000001,1.3859999999999997,0.5840000000000001
Delon Wright,24.32900000000001,7.659999999999999,7.762000000000001,1.3859999999999997,0.5840000000000001
Pat Connaughton,24.32900000000001,7.659999999999999,7.762000000000001,1.3859999999999997,0.5840000000000001
James Michael McAdoo,24.32900000000001,7.659999999999999,7.762000000000001,1.3859999999999997,0.5840000000000001
Tomas Satoransky,24.32900000000001,7.659999999999999,7.762000000000001,1.3859999999999997,0.5840000000000001
Joel Embiid,30.436999999999966,8.491,10.222999999999992,1.5320000000000005,1.0239999999999991
Donovan Mitchell,28.719,8.348999999999998,8.992,1.5030000000000001,0.8419999999999999
Kyle Kuzma,24.676000000000002,7.543999999999994,7.612999999999999,1.395999999999999,0.6500000000000006
Ben Simmons,25.258999999999997,8.714000000000006,7.989999999999996,1.315000000000001,0.5730000000000001
Lauri Markkanen,25.527000000000022,7.746000000000004,8.466999999999997,1.3449999999999995,0.7769999999999997
Dennis Smith Jr.,24.32900000000001,7.659999999999999,7.762000000000001,1.3859999999999997,0.5840000000000001
Jayson Tatum,25.187,7.270999999999998,8.932999999999991,1.2839999999999991,0.8959999999999995
Josh Jackson,24.789000000000005,7.507999999999994,7.825999999999997,1.3769999999999991,0.6940000000000004
Caris LeVert,24.64100000000001,7.588999999999996,7.722999999999998,1.3759999999999994,0.6300000000000004
Bogdan Bogdanovic,24.309000000000005,7.744999999999999,7.635000000000002,1.4019999999999992,0.549
De'Aaron Fox,25.207000000000022,7.798999999999998,7.365000000000002,1.5189999999999992,0.6270000000000001
Reggie Bullock Jr.,24.32900000000001,7.659999999999999,7.762000000000001,1.3859999999999997,0.5840000000000001
Dillon Brooks,24.32900000000001,7.659999999999999,7.762000000000001,1.3859999999999997,0.5840000000000001
Joe Harris,24.32900000000001,7.659999999999999,7.762000000000001,1.3859999999999997,0.5840000000000001
John Collins,25.240000000000013,7.679000000000002,8.766999999999994,1.3199999999999994,0.8379999999999996
Yogi Ferrell,24.32900000000001,7.659999999999999,7.762000000000001,1.3859999999999997,0.5840000000000001
Denzel Valentine,24.32900000000001,7.659999999999999,7.762000000000001,1.3859999999999997,0.5840000000000001
Skal Labissiere,24.789000000000005,7.507999999999994,7.825999999999997,1.3769999999999991,0.6940000000000004
Fred VanVleet,24.671999999999993,7.891999999999995,7.375999999999997,1.4559999999999997,0.552
Jarrett Allen,25.296999999999993,7.218,9.512999999999987,1.3159999999999992,0.996999999999999
Dejounte Murray,24.21100000000001,7.590999999999997,7.428000000000002,1.4489999999999994,0.515
David Nwaba,24.32900000000001,7.659999999999999,7.762000000000001,1.3859999999999997,0.5840000000000001
Josh Hart,25.640999999999995,7.493999999999999,9.38699999999999,1.2989999999999995,0.9259999999999997
Darius Miller,24.32900000000001,7.659999999999999,7.762000000000001,1.3859999999999997,0.5840000000000001
Jarell Martin,24.676000000000002,7.543999999999994,7.612999999999999,1.395999999999999,0.6500000000000006
Alec Burks,24.32900000000001,7.659999999999999,7.762000000000001,1.3859999999999997,0.5840000000000001
Luke Kennard,24.32900000000001,7.659999999999999,7.762000000000001,1.3859999999999997,0.5840000000000001
Pascal Siakam,24.39600000000001,7.585999999999999,7.878999999999999,1.368,0.587
Bryn Forbes,24.32900000000001,7.659999999999999,7.762000000000001,1.3859999999999997,0.5840000000000001
Jakob Poeltl,25.231000000000005,7.302000000000001,9.24499999999999,1.4039999999999992,0.9839999999999991
Bam Adebayo,24.838,7.516000000000002,8.875999999999992,1.3349999999999995,0.8289999999999995
Malik Monk,24.64100000000001,7.588999999999996,7.722999999999998,1.3759999999999994,0.6300000000000004
Justin Jackson,24.32900000000001,7.659999999999999,7.762000000000001,1.3859999999999997,0.5840000000000001
Isaiah Taylor,24.32900000000001,7.659999999999999,7.762000000000001,1.3859999999999997,0.5840000000000001
Dragan Bender,24.676000000000002,7.507999999999995,7.696999999999997,1.3839999999999995,0.6440000000000005
Frank Ntilikina,24.32900000000001,7.659999999999999,7.762000000000001,1.3859999999999997,0.5840000000000001
OG Anunoby,24.69100000000001,7.508999999999993,7.204000000000001,1.486999999999999,0.6130000000000005
Deyonta Davis,24.676000000000002,7.507999999999995,7.696999999999997,1.3839999999999995,0.6440000000000005
Maxi Kleber,24.789000000000005,7.507999999999994,7.825999999999997,1.3769999999999991,0.6940000000000004
Daniel Theis,24.785000000000004,7.486999999999995,7.902999999999996,1.366999999999999,0.7120000000000004
Royce O'Neale,24.32900000000001,7.659999999999999,7.762000000000001,1.3859999999999997,0.5840000000000001
Zach Collins,24.789000000000005,7.507999999999994,7.825999999999997,1.3769999999999991,0.6940000000000004
Treveon Graham,24.32900000000001,7.659999999999999,7.762000000000001,1.3859999999999997,0.5840000000000001
Kevon Looney,24.32900000000001,7.659999999999999,7.762000000000001,1.3859999999999997,0.5840000000000001
Cedi Osman,24.32900000000001,7.659999999999999,7.762000000000001,1.3859999999999997,0.5840000000000001
Sindarius Thornwell,24.32900000000001,7.659999999999999,7.762000000000001,1.3859999999999997,0.5840000000000001
Wes Iwundu,24.32900000000001,7.659999999999999,7.762000000000001,1.3859999999999997,0.5840000000000001
Malik Beasley,24.32900000000001,7.659999999999999,7.762000000000001,1.3859999999999997,0.5840000000000001
Terrance Ferguson,24.32900000000001,7.659999999999999,7.762000000000001,1.3859999999999997,0.5840000000000001
Semi Ojeleye,24.32900000000001,7.659999999999999,7.762000000000001,1.3859999999999997,0.5840000000000001
Ekpe Udoh,24.817000000000004,7.4009999999999945,8.137999999999995,1.360999999999999,0.7530000000000002
Josh Huestis,24.676000000000002,7.507999999999995,7.696999999999997,1.3839999999999995,0.6440000000000005
Brandon Paul,24.32900000000001,7.659999999999999,7.762000000000001,1.3859999999999997,0.5840000000000001
Eric Moreland,24.789000000000005,7.507999999999994,7.825999999999997,1.3769999999999991,0.6940000000000004
Quinn Cook,24.32900000000001,7.659999999999999,7.762000000000001,1.3859999999999997,0.5840000000000001
Jordan Bell,24.789000000000005,7.507999999999994,7.825999999999997,1.3769999999999991,0.6940000000000004
Cheick Diallo,24.64100000000001,7.588999999999996,7.722999999999998,1.3759999999999994,0.6300000000000004
Wade Baldwin IV,24.32900000000001,7.659999999999999,7.762000000000001,1.3859999999999997,0.5840000000000001
Luka Doncic,28.90899999999999,8.513000000000003,9.663999999999996,1.5090000000000003,0.9089999999999995
Trae Young,29.32199999999998,8.693999999999999,9.019000000000004,1.4660000000000017,0.8750000000000003
Collin Sexton,24.32900000000001,7.659999999999999,7.762000000000001,1.3859999999999997,0.5840000000000001
Deandre Ayton,25.069000000000006,7.387999999999998,8.854999999999993,1.3369999999999993,0.8669999999999995
Marvin Bagley III,24.935000000000006,7.461999999999996,8.31399999999999,1.3060000000000003,0.7430000000000001
Jaren Jackson Jr.,24.817000000000004,7.479999999999995,7.998999999999994,1.3779999999999992,0.7220000000000003
Kevin Knox II,24.32900000000001,7.659999999999999,7.762000000000001,1.3859999999999997,0.5840000000000001
Allonzo Trier,24.32900000000001,7.659999999999999,7.762000000000001,1.3859999999999997,0.5840000000000001
Shai Gilgeous-Alexander,29.14399999999999,8.286,9.474999999999996,1.5350000000000004,0.9479999999999993
Damyean Dotson,24.32900000000001,7.659999999999999,7.762000000000001,1.3859999999999997,0.5840000000000001
Thomas Bryant,24.64100000000001,7.588999999999996,7.722999999999998,1.3759999999999994,0.6300000000000004
Monte Morris,24.32900000000001,7.659999999999999,7.762000000000001,1.3859999999999997,0.5840000000000001
Derrick White,24.817000000000004,7.4009999999999945,8.137999999999995,1.360999999999999,0.7530000000000002
Kevin Huerter,24.32900000000001,7.659999999999999,7.762000000000001,1.3859999999999997,0.5840000000000001
Jonathan Isaac,24.817000000000004,7.4009999999999945,8.137999999999995,1.360999999999999,0.7530000000000002
Jalen Brunson,30.456,8.566,9.054000000000004,1.4540000000000013,0.8929999999999996
Landry Shamet,24.32900000000001,7.659999999999999,7.762000000000001,1.3859999999999997,0.5840000000000001
Ivica Zubac,25.006000000000004,7.49,8.87999999999999,1.3249999999999995,0.8509999999999995
Rodions Kurucs,24.64100000000001,7.588999999999996,7.722999999999998,1.3759999999999994,0.6300000000000004
DeAndre' Bembry,24.32900000000001,7.659999999999999,7.762000000000001,1.3859999999999997,0.5840000000000001
Mikal Bridges,24.32900000000001,7.659999999999999,7.762000000000001,1.3859999999999997,0.5840000000000001
Jahlil Okafor,24.676000000000002,7.543999999999994,7.612999999999999,1.395999999999999,0.6500000000000006
Richaun Holmes,25.204,7.559000000000001,8.871999999999993,1.3339999999999994,0.8649999999999994
Frank Jackson,24.32900000000001,7.659999999999999,7.762000000000001,1.3859999999999997,0.5840000000000001
Ante Zizic,24.32900000000001,7.659999999999999,7.762000000000001,1.3859999999999997,0.5840000000000001
Josh Okogie,24.32900000000001,7.659999999999999,7.762000000000001,1.3859999999999997,0.5840000000000001
Jake Layman,24.32900000000001,7.659999999999999,7.762000000000001,1.3859999999999997,0.5840000000000001
Miles Bridges,24.71600000000001,7.5269999999999975,7.8799999999999955,1.3500000000000003,0.6280000000000003
Mitchell Robinson,25.177,7.212000000000001,9.330999999999989,1.3959999999999995,1.0039999999999991
Boban Marjanovic,24.32900000000001,7.659999999999999,7.762000000000001,1.3859999999999997,0.5840000000000001
Harry Giles III,24.32900000000001,7.659999999999999,7.762000000000001,1.3859999999999997,0.5840000000000001
Derrick Jones Jr.,24.844,7.420999999999995,8.123999999999995,1.341999999999999,0.7460000000000003
Ryan Arcidiacono,24.32900000000001,7.659999999999999,7.762000000000001,1.3859999999999997,0.5840000000000001
Shaquille Harrison,24.32900000000001,7.659999999999999,7.762000000000001,1.3859999999999997,0.5840000000000001
Sterling Brown,24.32900000000001,7.659999999999999,7.762000000000001,1.3859999999999997,0.5840000000000001
Torrey Craig,24.32900000000001,7.659999999999999,7.762000000000001,1.3859999999999997,0.5840000000000001
Alfonzo McKinnie,24.32900000000001,7.659999999999999,7.762000000000001,1.3859999999999997,0.5840000000000001
Bruce Brown,24.32900000000001,7.659999999999999,7.762000000000001,1.3859999999999997,0.5840000000000001
Georges Niang,24.32900000000001,7.659999999999999,7.762000000000001,1.3859999999999997,0.5840000000000001
Abdel Nader,24.32900000000001,7.659999999999999,7.762000000000001,1.3859999999999997,0.5840000000000001
T.J. Leaf,24.32900000000001,7.659999999999999,7.762000000000001,1.3859999999999997,0.5840000000000001
Tyrone Wallace,24.32900000000001,7.659999999999999,7.762000000000001,1.3859999999999997,0.5840000000000001
Khem Birch,24.32900000000001,7.659999999999999,7.762000000000001,1.3859999999999997,0.5840000000000001
Khyri Thomas,24.32900000000001,7.659999999999999,7.762000000000001,1.3859999999999997,0.5840000000000001
Jerome Robinson,24.32900000000001,7.659999999999999,7.762000000000001,1.3859999999999997,0.5840000000000001
Aaron Holiday,24.32900000000001,7.659999999999999,7.762000000000001,1.3859999999999997,0.5840000000000001
Jonah Bolden,24.32900000000001,7.659999999999999,7.762000000000001,1.3859999999999997,0.5840000000000001
Lonnie Walker IV,24.32900000000001,7.659999999999999,7.762000000000001,1.3859999999999997,0.5840000000000001
Devonte' Graham,24.32900000000001,7.659999999999999,7.762000000000001,1.3859999999999997,0.5840000000000001
Ja Morant,24.735000000000003,7.498999999999996,7.37,1.454,0.563
Kendrick Nunn,24.32900000000001,7.659999999999999,7.762000000000001,1.3859999999999997,0.5840000000000001
RJ Barrett,24.32900000000001,7.659999999999999,7.762000000000001,1.3859999999999997,0.5840000000000001
Eric Paschall,24.32900000000001,7.659999999999999,7.762000000000001,1.3859999999999997,0.5840000000000001
Tyler Herro,24.32900000000001,7.659999999999999,7.762000000000001,1.3859999999999997,0.5840000000000001
Duncan Robinson,24.32900000000001,7.659999999999999,7.762000000000001,1.3859999999999997,0.5840000000000001
Coby White,24.32900000000001,7.659999999999999,7.762000000000001,1.3859999999999997,0.5840000000000001
Christian Wood,24.868000000000006,7.341999999999995,8.27999999999999,1.339,0.7500000000000003
Damion Lee,24.32900000000001,7.659999999999999,7.762000000000001,1.3859999999999997,0.5840000000000001
De'Andre Hunter,24.32900000000001,7.659999999999999,7.762000000000001,1.3859999999999997,0.5840000000000001
Darius Garland,24.32900000000001,7.659999999999999,7.762000000000001,1.3859999999999997,0.5840000000000001
P.J. Washington,24.676000000000002,7.543999999999994,7.612999999999999,1.395999999999999,0.6500000000000006
Markelle Fultz,24.32900000000001,7.659999999999999,7.762000000000001,1.3859999999999997,0.5840000000000001
Brandon Clarke,24.769000000000005,7.459999999999993,7.963999999999994,1.358,0.681
Lonzo Ball,24.555000000000003,7.4089999999999945,7.331999999999998,1.4529999999999996,0.5820000000000004
Cam Reddish,24.64100000000001,7.588999999999996,7.722999999999998,1.3759999999999994,0.6300000000000004
Danuel House Jr.,24.32900000000001,7.659999999999999,7.762000000000001,1.3859999999999997,0.5840000000000001
Troy Brown Jr.,24.32900000000001,7.659999999999999,7.762000000000001,1.3859999999999997,0.5840000000000001
Kevin Porter Jr.,24.21100000000001,7.590999999999997,7.428000000000002,1.4489999999999994,0.515
Furkan Korkmaz,24.32900000000001,7.659999999999999,7.762000000000001,1.3859999999999997,0.5840000000000001
Michael Porter Jr.,24.769000000000005,7.459999999999993,7.963999999999994,1.358,0.681
Donte DiVincenzo,24.785000000000004,7.5659999999999945,7.763999999999997,1.383999999999999,0.6810000000000004
Jarrett Culver,24.676000000000002,7.507999999999995,7.696999999999997,1.3839999999999995,0.6440000000000005
Svi Mykhailiuk,24.32900000000001,7.659999999999999,7.762000000000001,1.3859999999999997,0.5840000000000001
Gary Trent Jr.,24.32900000000001,7.659999999999999,7.762000000000001,1.3859999999999997,0.5840000000000001
Cameron Johnson,24.32900000000001,7.659999999999999,7.762000000000001,1.3859999999999997,0.5840000000000001
Jordan Poole,24.32900000000001,7.659999999999999,7.762000000000001,1.3859999999999997,0.5840000000000001
Anfernee Simons,24.32900000000001,7.659999999999999,7.762000000000001,1.3859999999999997,0.5840000000000001
De'Anthony Melton,24.789,7.5869999999999935,7.686999999999996,1.3939999999999992,0.6630000000000004
Omari Spellman,24.64100000000001,7.588999999999996,7.722999999999998,1.3759999999999994,0.6300000000000004
Terence Davis,24.32900000000001,7.659999999999999,7.762000000000001,1.3859999999999997,0.5840000000000001
Jaxson Hayes,24.32900000000001,7.659999999999999,7.762000000000001,1.3859999999999997,0.5840000000000001
Brad Wanamaker,24.32900000000001,7.659999999999999,7.762000000000001,1.3859999999999997,0.5840000000000001
Chris Boucher,24.789000000000005,7.507999999999994,7.825999999999997,1.3769999999999991,0.6940000000000004
Nicolo Melli,24.32900000000001,7.659999999999999,7.762000000000001,1.3859999999999997,0.5840000000000001
Darius Bazley,24.844,7.420999999999995,8.123999999999995,1.341999999999999,0.7460000000000003
Damian Jones,24.676000000000002,7.543999999999994,7.612999999999999,1.395999999999999,0.6500000000000006
Alex Caruso,24.927000000000003,7.435999999999995,7.725999999999999,1.432999999999999,0.7060000000000002
Mo Bamba,25.152,7.733000000000001,8.74799999999999,1.3259999999999998,0.8319999999999996
Isaac Bonga,24.32900000000001,7.659999999999999,7.762000000000001,1.3859999999999997,0.5840000000000001
Cody Martin,24.64100000000001,7.667999999999996,7.583999999999998,1.3929999999999996,0.5990000000000003
Jevon Carter,24.32900000000001,7.659999999999999,7.762000000000001,1.3859999999999997,0.5840000000000001
Tony Bradley,24.32900000000001,7.659999999999999,7.762000000000001,1.3859999999999997,0.5840000000000001
Matisse Thybulle,24.852000000000004,7.500999999999993,7.422,1.4709999999999988,0.6520000000000005
Bruno Fernando,24.32900000000001,7.659999999999999,7.762000000000001,1.3859999999999997,0.5840000000000001
Elie Okobo,24.32900000000001,7.659999999999999,7.762000000000001,1.3859999999999997,0.5840000000000001
Grant Williams,24.64100000000001,7.588999999999996,7.722999999999998,1.3759999999999994,0.6300000000000004
Goga Bitadze,24.817000000000004,7.4009999999999945,8.137999999999995,1.360999999999999,0.7530000000000002
Shake Milton,24.32900000000001,7.659999999999999,7.762000000000001,1.3859999999999997,0.5840000000000001
Luguentz Dort,24.221000000000007,7.692999999999997,7.5070000000000014,1.4279999999999995,0.515
Gary Clark,24.32900000000001,7.659999999999999,7.762000000000001,1.3859999999999997,0.5840000000000001
Chris Chiozza,24.221000000000007,7.692999999999997,7.5070000000000014,1.4279999999999995,0.515
Wenyen Gabriel,24.64100000000001,7.588999999999996,7.722999999999998,1.3759999999999994,0.6300000000000004
Dzanan Musa,24.32900000000001,7.659999999999999,7.762000000000001,1.3859999999999997,0.5840000000000001
Jeremiah Martin,24.32900000000001,7.659999999999999,7.762000000000001,1.3859999999999997,0.5840000000000001
Robert Williams III,24.817000000000004,7.4009999999999945,8.137999999999995,1.360999999999999,0.7530000000000002
Matt Thomas,24.32900000000001,7.659999999999999,7.762000000000001,1.3859999999999997,0.5840000000000001
Donta Hall,24.676000000000002,7.543999999999994,7.612999999999999,1.395999999999999,0.6500000000000006
Edmond Sumner,24.32900000000001,7.659999999999999,7.762000000000001,1.3859999999999997,0.5840000000000001
Juwan Morgan,24.32900000000001,7.659999999999999,7.762000000000001,1.3859999999999997,0.5840000000000001
Terance Mann,24.32900000000001,7.659999999999999,7.762000000000001,1.3859999999999997,0.5840000000000001
Zion Williamson,24.676000000000002,7.543999999999994,7.612999999999999,1.395999999999999,0.6500000000000006
Anthony Edwards,26.29300000000001,7.722999999999995,7.884999999999999,1.4350000000000012,0.6920000000000003
LaMelo Ball,23.999000000000002,7.911999999999998,7.183000000000004,1.4839999999999998,0.431
Rui Hachimura,24.32900000000001,7.659999999999999,7.762000000000001,1.3859999999999997,0.5840000000000001
Tyrese Haliburton,24.568999999999992,8.043999999999997,7.236999999999999,1.426,0.49700000000000016
Keldon Johnson,24.32900000000001,7.659999999999999,7.762000000000001,1.3859999999999997,0.5840000000000001
Saddiq Bey,24.32900000000001,7.659999999999999,7.762000000000001,1.3859999999999997,0.5840000000000001
Hamidou Diallo,24.309000000000005,7.744999999999999,7.635000000000002,1.4019999999999992,0.549
Immanuel Quickley,24.32900000000001,7.659999999999999,7.762000000000001,1.3859999999999997,0.5840000000000001
Jae'Sean Tate,24.32900000000001,7.659999999999999,7.762000000000001,1.3859999999999997,0.5840000000000001
Wendell Carter Jr.,24.676000000000002,7.507999999999995,7.696999999999997,1.3839999999999995,0.6440000000000005
Naz Reid,24.789000000000005,7.507999999999994,7.825999999999997,1.3769999999999991,0.6940000000000004
Dwayne Bacon,24.32900000000001,7.659999999999999,7.762000000000001,1.3859999999999997,0.5840000000000001
Theo Maledon,24.32900000000001,7.659999999999999,7.762000000000001,1.3859999999999997,0.5840000000000001
Isaac Okoro,24.32900000000001,7.659999999999999,7.762000000000001,1.3859999999999997,0.5840000000000001
Patrick Williams,24.785000000000004,7.486999999999995,7.902999999999996,1.366999999999999,0.7120000000000004
Desmond Bane,24.32900000000001,7.659999999999999,7.762000000000001,1.3859999999999997,0.5840000000000001
Talen Horton-Tucker,24.32900000000001,7.659999999999999,7.762000000000001,1.3859999999999997,0.5840000000000001
Isaiah Roby,24.676000000000002,7.507999999999995,7.696999999999997,1.3839999999999995,0.6440000000000005
Cameron Payne,24.789000000000005,7.507999999999994,7.825999999999997,1.3769999999999991,0.6940000000000004
Tyrese Maxey,28.751000000000005,8.351,9.095999999999998,1.4860000000000002,0.8639999999999999
Kenrich Williams,24.32900000000001,7.659999999999999,7.762000000000001,1.3859999999999997,0.5840000000000001
Isaiah Stewart,25.254,7.5260000000000025,9.079999999999991,1.3409999999999993,0.9189999999999994
Payton Pritchard,24.32900000000001,7.659999999999999,7.762000000000001,1.3859999999999997,0.5840000000000001
Daniel Gafford,24.817000000000004,7.4009999999999945,8.137999999999995,1.360999999999999,0.7530000000000002
R.J. Hampton,24.32900000000001,7.659999999999999,7.762000000000001,1.3859999999999997,0.5840000000000001
Jaden McDaniels,24.817000000000004,7.4009999999999945,8.137999999999995,1.360999999999999,0.7530000000000002
Xavier Tillman,24.99300000000001,7.885,8.083999999999996,1.3410000000000004,0.6810000000000003
Kira Lewis Jr.,24.32900000000001,7.659999999999999,7.762000000000001,1.3859999999999997,0.5840000000000001
Deni Avdija,24.62500000000001,7.5559999999999965,7.859999999999997,1.3560000000000003,0.6160000000000002
Facundo Campazzo,24.32900000000001,7.659999999999999,7.762000000000001,1.3859999999999997,0.5840000000000001
Dean Wade,24.32900000000001,7.659999999999999,7.762000000000001,1.3859999999999997,0.5840000000000001
Drew Eubanks,24.32900000000001,7.659999999999999,7.762000000000001,1.3859999999999997,0.5840000000000001
Juan Toscano-Anderson,24.32900000000001,7.659999999999999,7.762000000000001,1.3859999999999997,0.5840000000000001
Mychal Mulder,24.32900000000001,7.659999999999999,7.762000000000001,1.3859999999999997,0.5840000000000001
Garrison Mathews,24.32900000000001,7.659999999999999,7.762000000000001,1.3859999999999997,0.5840000000000001
Devin Vassell,24.32900000000001,7.659999999999999,7.762000000000001,1.3859999999999997,0.5840000000000001
Jarred Vanderbilt,24.789000000000005,7.507999999999994,7.825999999999997,1.3769999999999991,0.6940000000000004
Sekou Doumbouya,24.32900000000001,7.659999999999999,7.762000000000001,1.3859999999999997,0.5840000000000001
Jordan McLaughlin,24.32900000000001,7.659999999999999,7.762000000000001,1.3859999999999997,0.5840000000000001
Precious Achiuwa,24.785000000000004,7.486999999999995,7.902999999999996,1.366999999999999,0.7120000000000004
Caleb Martin,24.32900000000001,7.659999999999999,7.762000000000001,1.3859999999999997,0.5840000000000001
Obi Toppin,24.32900000000001,7.659999999999999,7.762000000000001,1.3859999999999997,0.5840000000000001
Thanasis Antetokounmpo,24.32900000000001,7.659999999999999,7.762000000000001,1.3859999999999997,0.5840000000000001
Miye Oni,24.32900000000001,7.659999999999999,7.762000000000001,1.3859999999999997,0.5840000000000001
Romeo Langford,24.64100000000001,7.588999999999996,7.722999999999998,1.3759999999999994,0.6300000000000004
Grayson Allen,24.676000000000002,7.507999999999995,7.696999999999997,1.3839999999999995,0.6440000000000005
Markus Howard,24.32900000000001,7.659999999999999,7.762000000000001,1.3859999999999997,0.5840000000000001
Mike James,24.32900000000001,7.659999999999999,7.762000000000001,1.3859999999999997,0.5840000000000001
Aaron Nesmith,24.64100000000001,7.588999999999996,7.722999999999998,1.3759999999999994,0.6300000000000004
Onyeka Okongwu,24.817000000000004,7.4009999999999945,8.137999999999995,1.360999999999999,0.7530000000000002
Nic Claxton,25.122999999999998,7.178999999999999,9.342999999999988,1.3599999999999992,0.997999999999999
Gabe Vincent,24.32900000000001,7.659999999999999,7.762000000000001,1.3859999999999997,0.5840000000000001
Anthony Gill,24.32900000000001,7.659999999999999,7.762000000000001,1.3859999999999997,0.5840000000000001
Cade Cunningham,24.269000000000005,7.808,7.564000000000002,1.4119999999999997,0.53
Jalen Green,24.32900000000001,7.659999999999999,7.762000000000001,1.3859999999999997,0.5840000000000001
Cole Anthony,24.32900000000001,7.659999999999999,7.762000000000001,1.3859999999999997,0.5840000000000001
Scottie Barnes,25.189,7.783,8.450999999999992,1.39,0.7859999999999999
Franz Wagner,24.797000000000004,7.358999999999994,8.261999999999992,1.3439999999999999,0.7410000000000001
Evan Mobley,25.177,7.212000000000001,9.330999999999989,1.3959999999999995,1.0039999999999991
Davion Mitchell,24.32900000000001,7.659999999999999,7.762000000000001,1.3859999999999997,0.5840000000000001
Nickeil Alexander-Walker,24.32900000000001,7.659999999999999,7.762000000000001,1.3859999999999997,0.5840000000000001
Max Strus,24.32900000000001,7.659999999999999,7.762000000000001,1.3859999999999997,0.5840000000000001
Tre Mann,24.32900000000001,7.659999999999999,7.762000000000001,1.3859999999999997,0.5840000000000001
Bones Hyland,24.32900000000001,7.659999999999999,7.762000000000001,1.3859999999999997,0.5840000000000001
Alperen Sengun,25.15500000000001,7.5280000000000005,8.717999999999995,1.3779999999999994,0.8319999999999996
Herbert Jones,24.221000000000007,7.692999999999997,7.5070000000000014,1.4279999999999995,0.515
Jonathan Kuminga,24.64100000000001,7.588999999999996,7.722999999999998,1.3759999999999994,0.6300000000000004
Oshae Brissett,24.32900000000001,7.659999999999999,7.762000000000001,1.3859999999999997,0.5840000000000001
Amir Coffey,24.32900000000001,7.659999999999999,7.762000000000001,1.3859999999999997,0.5840000000000001
Moritz Wagner,24.32900000000001,7.659999999999999,7.762000000000001,1.3859999999999997,0.5840000000000001
Chimezie Metu,24.32900000000001,7.659999999999999,7.762000000000001,1.3859999999999997,0.5840000000000001
Ayo Dosunmu,24.64100000000001,7.588999999999996,7.722999999999998,1.3759999999999994,0.6300000000000004
KJ Martin,24.32900000000001,7.659999999999999,7.762000000000001,1.3859999999999997,0.5840000000000001
Chuma Okeke,24.643000000000008,7.384999999999994,7.351999999999997,1.4449999999999996,0.5910000000000006
Cam Thomas,24.32900000000001,7.659999999999999,7.762000000000001,1.3859999999999997,0.5840000000000001
Jaylen Nowell,24.32900000000001,7.659999999999999,7.762000000000001,1.3859999999999997,0.5840000000000001
Isaiah Hartenstein,25.003000000000014,7.864999999999998,8.271999999999993,1.3040000000000007,0.7120000000000002
Corey Kispert,24.32900000000001,7.659999999999999,7.762000000000001,1.3859999999999997,0.5840000000000001
Ziaire Williams,24.32900000000001,7.659999999999999,7.762000000000001,1.3859999999999997,0.5840000000000001
Josh Christopher,24.32900000000001,7.659999999999999,7.762000000000001,1.3859999999999997,0.5840000000000001
Jordan Nwora,24.32900000000001,7.659999999999999,7.762000000000001,1.3859999999999997,0.5840000000000001
Aleksej Pokusevski,24.676000000000002,7.507999999999995,7.696999999999997,1.3839999999999995,0.6440000000000005
Austin Reaves,24.643000000000008,7.384999999999994,7.351999999999997,1.4449999999999996,0.5910000000000006
Javonte Green,24.259000000000004,7.642999999999997,7.448000000000003,1.4669999999999996,0.5249999999999999
Gary Payton II,24.64100000000001,7.588999999999996,7.722999999999998,1.3759999999999994,0.6300000000000004
Killian Hayes,24.21100000000001,7.590999999999997,7.428000000000002,1.4489999999999994,0.515
Lamar Stevens,24.32900000000001,7.659999999999999,7.762000000000001,1.3859999999999997,0.5840000000000001
Tre Jones,24.32900000000001,7.659999999999999,7.762000000000001,1.3859999999999997,0.5840000000000001
CJ Elleby,24.32900000000001,7.659999999999999,7.762000000000001,1.3859999999999997,0.5840000000000001
Keita Bates-Diop,24.32900000000001,7.659999999999999,7.762000000000001,1.3859999999999997,0.5840000000000001
Trey Murphy III,24.829,7.453999999999994,7.846999999999995,1.4009999999999991,0.7040000000000003
John Konchar,24.32900000000001,7.659999999999999,7.762000000000001,1.3859999999999997,0.5840000000000001
Josh Green,24.32900000000001,7.659999999999999,7.762000000000001,1.3859999999999997,0.5840000000000001
Trent Forrest,24.32900000000001,7.659999999999999,7.762000000000001,1.3859999999999997,0.5840000000000001
Dalano Banton,24.32900000000001,7.659999999999999,7.762000000000001,1.3859999999999997,0.5840000000000001
Jose Alvarado,24.221000000000007,7.692999999999997,7.5070000000000014,1.4279999999999995,0.515
Paul Reed,24.64100000000001,7.588999999999996,7.722999999999998,1.3759999999999994,0.6300000000000004
Naji Marshall,24.64100000000001,7.588999999999996,7.722999999999998,1.3759999999999994,0.6300000000000004
Malachi Flynn,24.32900000000001,7.659999999999999,7.762000000000001,1.3859999999999997,0.5840000000000001
Paolo Banchero,26.156000000000027,8.040000000000004,8.638000000000002,1.3780000000000001,0.7999999999999998
Bennedict Mathurin,24.32900000000001,7.659999999999999,7.762000000000001,1.3859999999999997,0.5840000000000001
Josh Giddey,24.32900000000001,7.659999999999999,7.762000000000001,1.3859999999999997,0.5840000000000001
Jaden Ivey,24.64100000000001,7.588999999999996,7.722999999999998,1.3759999999999994,0.6300000000000004
Jalen Williams,24.639000000000006,7.499999999999996,7.566999999999998,1.4300000000000004,0.5670000000000002
Jabari Smith Jr.,25.158000000000012,7.8740000000000006,8.436999999999994,1.304,0.7540000000000002
Keegan Murray,24.789000000000005,7.507999999999994,7.825999999999997,1.3769999999999991,0.6940000000000004
Quentin Grimes,24.676000000000002,7.507999999999995,7.696999999999997,1.3839999999999995,0.6440000000000005
Malaki Branham,24.32900000000001,7.659999999999999,7.762000000000001,1.3859999999999997,0.5840000000000001
Shaedon Sharpe,24.32900000000001,7.659999999999999,7.762000000000001,1.3859999999999997,0.5840000000000001
Isaiah Joe,24.32900000000001,7.659999999999999,7.762000000000001,1.3859999999999997,0.5840000000000001
Andrew Nembhard,24.32900000000001,7.659999999999999,7.762000000000001,1.3859999999999997,0.5840000000000001
Jalen Smith,24.676000000000002,7.507999999999995,7.696999999999997,1.3839999999999995,0.6440000000000005
Jalen McDaniels,24.32900000000001,7.659999999999999,7.762000000000001,1.3859999999999997,0.5840000000000001
Tari Eason,24.676000000000002,7.586999999999994,7.557999999999997,1.4009999999999996,0.6130000000000004
Walker Kessler,24.868000000000006,7.341999999999995,8.27999999999999,1.339,0.7500000000000003
Jalen Duren,25.640999999999995,7.493999999999999,9.38699999999999,1.2989999999999995,0.9259999999999997
Bol Bol,24.32900000000001,7.659999999999999,7.762000000000001,1.3859999999999997,0.5840000000000001
Santi Aldama,24.785000000000004,7.486999999999995,7.902999999999996,1.366999999999999,0.7120000000000004
AJ Griffin,24.32900000000001,7.659999999999999,7.762000000000001,1.3859999999999997,0.5840000000000001
Nick Richards,25.115000000000006,7.7269999999999985,8.606999999999989,1.3450000000000002,0.8049999999999997
Ochai Agbaji,24.676000000000002,7.507999999999995,7.696999999999997,1.3839999999999995,0.6440000000000005
Trendon Watford,24.32900000000001,7.659999999999999,7.762000000000001,1.3859999999999997,0.5840000000000001
Isaiah Jackson,24.785000000000004,7.486999999999995,7.902999999999996,1.366999999999999,0.7120000000000004
Aaron Wiggins,24.32900000000001,7.659999999999999,7.762000000000001,1.3859999999999997,0.5840000000000001
Anthony Lamb,24.32900000000001,7.659999999999999,7.762000000000001,1.3859999999999997,0.5840000000000001
David Roddy,24.32900000000001,7.659999999999999,7.762000000000001,1.3859999999999997,0.5840000000000001
Jock Landale,24.32900000000001,7.659999999999999,7.762000000000001,1.3859999999999997,0.5840000000000001
Jordan Goodwin,24.32900000000001,7.659999999999999,7.762000000000001,1.3859999999999997,0.5840000000000001
Sam Hauser,24.32900000000001,7.659999999999999,7.762000000000001,1.3859999999999997,0.5840000000000001
Jalen Johnson,24.32900000000001,7.659999999999999,7.762000000000001,1.3859999999999997,0.5840000000000001
Yuta Watanabe,24.32900000000001,7.659999999999999,7.762000000000001,1.3859999999999997,0.5840000000000001
Vlatko Cancar,24.32900000000001,7.659999999999999,7.762000000000001,1.3859999999999997,0.5840000000000001
Moses Moody,24.32900000000001,7.659999999999999,7.762000000000001,1.3859999999999997,0.5840000000000001
Christian Braun,24.32900000000001,7.659999999999999,7.762000000000001,1.3859999999999997,0.5840000000000001
Ish Wainright,24.32900000000001,7.659999999999999,7.762000000000001,1.3859999999999997,0.5840000000000001
Dyson Daniels,24.32900000000001,7.659999999999999,7.762000000000001,1.3859999999999997,0.5840000000000001
JT Thor,24.32900000000001,7.659999999999999,7.762000000000001,1.3859999999999997,0.5840000000000001
Luke Kornet,24.844,7.420999999999995,8.123999999999995,1.341999999999999,0.7460000000000003
Miles McBride,24.32900000000001,7.659999999999999,7.762000000000001,1.3859999999999997,0.5840000000000001
Christian Koloko,24.844,7.420999999999995,8.123999999999995,1.341999999999999,0.7460000000000003
Usman Garuba,24.32900000000001,7.659999999999999,7.762000000000001,1.3859999999999997,0.5840000000000001
Haywood Highsmith,24.32900000000001,7.659999999999999,7.762000000000001,1.3859999999999997,0.5840000000000001
Kessler Edwards,24.32900000000001,7.659999999999999,7.762000000000001,1.3859999999999997,0.5840000000000001
Victor Wembanyama,25.666999999999994,7.4460000000000015,9.43799999999999,1.4209999999999996,0.974999999999999
Brandon Miller,24.676000000000002,7.507999999999995,7.696999999999997,1.3839999999999995,0.6440000000000005
Chet Holmgren,24.797000000000004,7.358999999999994,8.261999999999992,1.3439999999999999,0.7410000000000001
Scoot Henderson,24.32900000000001,7.659999999999999,7.762000000000001,1.3859999999999997,0.5840000000000001
Keyonte George,24.32900000000001,7.659999999999999,7.762000000000001,1.3859999999999997,0.5840000000000001
Jalen Suggs,24.221000000000007,7.692999999999997,7.5070000000000014,1.4279999999999995,0.515
Jaime Jaquez Jr.,24.64100000000001,7.588999999999996,7.722999999999998,1.3759999999999994,0.6300000000000004
Jeremy Sochan,24.64100000000001,7.588999999999996,7.722999999999998,1.3759999999999994,0.6300000000000004
Simone Fontecchio,24.32900000000001,7.659999999999999,7.762000000000001,1.3859999999999997,0.5840000000000001
Amen Thompson,24.657000000000007,7.501999999999994,7.429999999999996,1.4229999999999996,0.5900000000000005
Brandin Podziemski,24.32900000000001,7.659999999999999,7.762000000000001,1.3859999999999997,0.5840000000000001
Duop Reath,24.676000000000002,7.507999999999995,7.696999999999997,1.3839999999999995,0.6440000000000005
Jabari Walker,24.30900000000001,7.629999999999998,7.8580000000000005,1.3730000000000002,0.574
Ausar Thompson,24.785000000000004,7.486999999999995,7.902999999999996,1.366999999999999,0.7120000000000004
Gradey Dick,24.32900000000001,7.659999999999999,7.762000000000001,1.3859999999999997,0.5840000000000001
Bilal Coulibaly,24.789000000000005,7.507999999999994,7.825999999999997,1.3769999999999991,0.6940000000000004
Marcus Sasser,24.32900000000001,7.659999999999999,7.762000000000001,1.3859999999999997,0.5840000000000001
Sam Merrill,24.32900000000001,7.659999999999999,7.762000000000001,1.3859999999999997,0.5840000000000001
Trayce Jackson-Davis,24.817000000000004,7.4009999999999945,8.137999999999995,1.360999999999999,0.7530000000000002
Jordan Hawkins,24.32900000000001,7.659999999999999,7.762000000000001,1.3859999999999997,0.5840000000000001
Toumani Camara,24.64100000000001,7.588999999999996,7.722999999999998,1.3759999999999994,0.6300000000000004
Jaden Hardy,24.32900000000001,7.659999999999999,7.762000000000001,1.3859999999999997,0.5840000000000001
James Wiseman,24.676000000000002,7.507999999999995,7.696999999999997,1.3839999999999995,0.6440000000000005
Vasilije Micic,24.32900000000001,7.659999999999999,7.762000000000001,1.3859999999999997,0.5840000000000001
Cason Wallace,24.32900000000001,7.659999999999999,7.762000000000001,1.3859999999999997,0.5840000000000001
Julian Champagnie,24.676000000000002,7.507999999999995,7.696999999999997,1.3839999999999995,0.6440000000000005
Day'Ron Sharpe,24.676000000000002,7.543999999999994,7.612999999999999,1.395999999999999,0.6500000000000006
Peyton Watson,24.676000000000002,7.507999999999995,7.696999999999997,1.3839999999999995,0.6440000000000005
Kris Murray,24.32900000000001,7.659999999999999,7.762000000000001,1.3859999999999997,0.5840000000000001
Bryce McGowens,24.32900000000001,7.659999999999999,7.762000000000001,1.3859999999999997,0.5840000000000001
Anthony Black,24.32900000000001,7.659999999999999,7.762000000000001,1.3859999999999997,0.5840000000000001
Blake Wesley,24.32900000000001,7.659999999999999,7.762000000000001,1.3859999999999997,0.5840000000000001
Caleb Houstan,24.32900000000001,7.659999999999999,7.762000000000001,1.3859999999999997,0.5840000000000001
Max Christie,24.32900000000001,7.659999999999999,7.762000000000001,1.3859999999999997,0.5840000000000001
Jaylin Williams,24.32900000000001,7.659999999999999,7.762000000000001,1.3859999999999997,0.5840000000000001
Chris Duarte,24.32900000000001,7.659999999999999,7.762000000000001,1.3859999999999997,0.5840000000000001
Zeke Nnaji,24.676000000000002,7.543999999999994,7.612999999999999,1.395999999999999,0.6500000000000006
Dalen Terry,24.32900000000001,7.659999999999999,7.762000000000001,1.3859999999999997,0.5840000000000001
Nikola Jovic,24.676000000000002,7.507999999999995,7.696999999999997,1.3839999999999995,0.6440000000000005
Dereck Lively II,24.935000000000006,7.461999999999996,8.31399999999999,1.3060000000000003,0.7430000000000001
Ben Sheppard,24.32900000000001,7.659999999999999,7.762000000000001,1.3859999999999997,0.5840000000000001
AJ Green,24.32900000000001,7.659999999999999,7.762000000000001,1.3859999999999997,0.5840000000000001
Andre Jackson Jr.,24.32900000000001,7.659999999999999,7.762000000000001,1.3859999999999997,0.5840000000000001
Nassir Little,24.32900000000001,7.659999999999999,7.762000000000001,1.3859999999999997,0.5840000000000001
Nassir Little,24.32900000000001,7.659999999999999,7.762000000000001,1.3859999999999997,0.5840000000000001
